epoch,step,train_KL_loss,train_Total_loss,train_concept_loss,train_orth_loss,train_rec_loss,val_KL_loss,val_Total_loss,val_concept_loss,val_orth_loss,val_rec_loss
0,9,1.277635097503662,0.0788845419883728,3.3750078678131104,0.0012248922139406204,0.061751753091812134,,,,,
0,19,2.4931983947753906,0.06519152969121933,2.59743070602417,0.0023919250816106796,0.05170105770230293,,,,,
0,28,,,,,,3.4040534496307373,0.052502408623695374,2.117473840713501,0.0054850648157298565,0.04078398272395134
1,29,3.4091241359710693,0.053148046135902405,2.2311086654663086,0.004562609829008579,0.041045892983675,,,,,
1,39,3.7107484340667725,0.04663630574941635,1.8432581424713135,0.007164935581386089,0.03594991937279701,,,,,
1,49,3.937717914581299,0.04116373509168625,1.496917486190796,0.002526730764657259,0.033134423196315765,,,,,
1,57,,,,,,4.061608791351318,0.03967731073498726,1.4054054021835327,0.0019142002565786242,0.03222682327032089
2,59,4.118569850921631,0.0399918369948864,1.3029210567474365,0.004331943579018116,0.032569658011198044,,,,,
2,69,4.207651138305664,0.03769104555249214,1.2164287567138672,0.0008412263705395162,0.031398579478263855,,,,,
2,79,4.367649078369141,0.03631908819079399,1.1024833917617798,0.0016925615491345525,0.030424481257796288,,,,,
2,86,,,,,,4.478988170623779,0.03695695474743843,1.0985761880874634,0.0037342451978474855,0.030672434717416763
3,89,4.446652412414551,0.03737109154462814,1.106226921081543,0.003802914172410965,0.031034909188747406,,,,,
3,99,4.707659721374512,0.03564611077308655,0.9622280597686768,0.0040305256843566895,0.029981788247823715,,,,,
3,109,4.731013298034668,0.03538024052977562,0.99288010597229,0.0025273426435887814,0.029863061383366585,,,,,
3,115,,,,,,4.796255111694336,0.03517887368798256,0.9483884572982788,0.0034114664886146784,0.029706675559282303
4,119,4.819187164306641,0.035152096301317215,0.8189918994903564,0.00443569291383028,0.030121808871626854,,,,,
4,129,4.91223669052124,0.03393416106700897,0.8101946115493774,0.0021232515573501587,0.029409417882561684,,,,,
4,139,4.844821929931641,0.034160416573286057,0.8491408824920654,0.001061366288922727,0.029653988778591156,,,,,
4,144,,,,,,4.90233850479126,0.033678967505693436,0.8556427955627441,0.0017127527389675379,0.029009180143475533
5,149,4.943116188049316,0.03312375769019127,0.8364629745483398,0.0016831147950142622,0.028555387631058693,,,,,
5,159,5.000699043273926,0.032653920352458954,0.6978859901428223,0.0015479351859539747,0.028804898262023926,,,,,
5,169,5.069895267486572,0.03240956738591194,0.67008376121521,0.0018906219629570842,0.028630325570702553,,,,,
5,173,,,,,,5.043590068817139,0.03288203105330467,0.7953178882598877,0.0017537142848595977,0.02850426733493805
6,179,5.073212623596191,0.03185166046023369,0.6637463569641113,0.0011643515899777412,0.02824932523071766,,,,,
6,189,5.133989334106445,0.03128417581319809,0.606637716293335,0.0008677931036800146,0.028026089072227478,,,,,
6,199,5.130911827087402,0.032382506877183914,0.6828194856643677,0.0007688418263569474,0.028763333335518837,,,,,
6,202,,,,,,5.113073825836182,0.03224889934062958,0.756308913230896,0.001089345896616578,0.028198352083563805
7,209,5.134396553039551,0.032066214829683304,0.6727784872055054,0.0010989631991833448,0.028431186452507973,,,,,
7,219,5.169404029846191,0.03186168149113655,0.6940000653266907,0.0010188708547502756,0.02813621424138546,,,,,
7,229,5.186936378479004,0.03187847509980202,0.6130732297897339,0.001435467740520835,0.028474148362874985,,,,,
7,231,,,,,,5.183727264404297,0.03190428391098976,0.7347916960716248,0.000844545487780124,0.028009576722979546
8,239,5.195428848266602,0.0322638563811779,0.6891294121742249,0.0006058317958377302,0.028645088896155357,,,,,
8,249,5.20598030090332,0.03169267252087593,0.7037301063537598,0.000643658684566617,0.027993232011795044,,,,,
8,259,5.247550964355469,0.03150634095072746,0.599114179611206,0.0011281961342319846,0.028232654556632042,,,,,
8,260,,,,,,5.213357448577881,0.03172510489821434,0.724378228187561,0.0006744810380041599,0.027916183695197105
9,269,5.213843822479248,0.030815063044428825,0.559548020362854,0.00032574572833254933,0.027900034561753273,,,,,
9,279,5.217136859893799,0.0321056991815567,0.7234854698181152,0.0007174268830567598,0.028292614966630936,,,,,
9,289,5.156611442565918,0.031749825924634933,0.5332856178283691,0.0019126242259517312,0.028649309650063515,,,,,
9,289,,,,,,5.222391128540039,0.03164741396903992,0.7199445366859436,0.0005822067614644766,0.027879025787115097
10,299,5.250526428222656,0.0314507894217968,0.6245169043540955,0.0007693017832934856,0.028121836483478546,,,,,
10,309,5.259334564208984,0.031088756397366524,0.6286108493804932,0.0002223938936367631,0.027848631143569946,,,,,
10,318,,,,,,5.228857517242432,0.031614482402801514,0.7181957960128784,0.000516511790920049,0.027867918834090233
11,319,5.245975971221924,0.03167341649532318,0.6462000608444214,0.0008453182526864111,0.02822089195251465,,,,,
11,329,5.227749347686768,0.0317411795258522,0.6056111454963684,0.0008409789297729731,0.028492651879787445,,,,,
11,339,5.278987884521484,0.030818767845630646,0.590041995048523,0.00034531569690443575,0.02774670533835888,,,,,
11,347,,,,,,5.242733001708984,0.031564343720674515,0.7139493823051453,0.000516137049999088,0.027838941663503647
12,349,5.292938709259033,0.031374167650938034,0.5913397669792175,0.0004423094796948135,0.028276078402996063,,,,,
12,359,5.213162422180176,0.03205864503979683,0.6086881756782532,0.001146131195127964,0.02873384952545166,,,,,
12,369,5.293972492218018,0.03086945042014122,0.6253470182418823,0.0010300222784280777,0.02748377062380314,,,,,
12,376,,,,,,5.2682390213012695,0.03144344314932823,0.7026704549789429,0.0005726622184738517,0.027762876823544502
13,379,5.293903350830078,0.030974730849266052,0.6022727489471436,0.0006632793229073286,0.027777772396802902,,,,,
13,389,5.311088562011719,0.030827075242996216,0.5424271821975708,0.00156836723908782,0.02774815447628498,,,,,
13,399,5.348292350769043,0.03151736035943031,0.6223065853118896,0.0018467706395313144,0.027982989326119423,,,,,
13,405,,,,,,5.343617916107178,0.03130238875746727,0.6849335432052612,0.0010045412927865982,0.027623377740383148
14,409,5.346395492553711,0.03163151070475578,0.660942554473877,0.0015060310252010822,0.027972130104899406,,,,,
14,419,5.423563480377197,0.03062255308032036,0.543368935585022,0.0010759402066469193,0.02763628400862217,,,,,
14,429,5.421261310577393,0.03086543269455433,0.5601912140846252,0.0018137474544346333,0.027647513896226883,,,,,
14,434,,,,,,5.385059356689453,0.031047850847244263,0.6571307182312012,0.001318605151027441,0.0274446289986372
15,439,5.391974449157715,0.03106560744345188,0.4885046184062958,0.0011017306242138147,0.02834881842136383,,,,,
15,449,5.508703708648682,0.030360020697116852,0.6009085774421692,0.0015495817642658949,0.02699047327041626,,,,,
15,459,5.437743663787842,0.03032960183918476,0.4222847819328308,0.0007240291452035308,0.028018994256854057,,,,,
15,463,,,,,,5.46107292175293,0.030673516914248466,0.6266036033630371,0.001507564913481474,0.027184374630451202
16,469,5.4362473487854,0.030278334394097328,0.47877174615859985,0.0010959059000015259,0.027610931545495987,,,,,
16,479,5.51814079284668,0.030449820682406425,0.43335652351379395,0.0036702214274555445,0.027493812143802643,,,,,
16,489,5.566926002502441,0.02977060154080391,0.4992530941963196,0.0014964714646339417,0.026919374242424965,,,,,
16,492,,,,,,5.533787727355957,0.030190587043762207,0.5951634645462036,0.0010649446630850434,0.02694644033908844
17,499,5.534579277038574,0.029787590727210045,0.3999568819999695,0.0020673340186476707,0.02731899358332157,,,,,
17,509,5.480014324188232,0.030440479516983032,0.4450685381889343,0.0030534628313034773,0.02754964306950569,,,,,
17,519,5.624342441558838,0.029072102159261703,0.4050542712211609,0.0012027937918901443,0.026750029996037483,,,,,
17,521,,,,,,5.586851119995117,0.029880262911319733,0.5665439963340759,0.0015765012940391898,0.026676373556256294
18,529,5.613041877746582,0.028792010620236397,0.3076780438423157,0.0024881367571651936,0.026699861511588097,,,,,
18,539,5.669500350952148,0.029170073568820953,0.3727492690086365,0.003993040882050991,0.026451023295521736,,,,,
18,549,5.666899681091309,0.028847523033618927,0.3027833104133606,0.0034779636189341545,0.02658134512603283,,,,,
18,550,,,,,,5.627037048339844,0.02997908554971218,0.5581983923912048,0.0034215529449284077,0.026447512209415436
19,559,5.590302467346191,0.029584728181362152,0.3422994017601013,0.0026532611809670925,0.027286674827337265,,,,,
19,569,5.600464820861816,0.02855013497173786,0.30357661843299866,0.0017372854053974152,0.02662879042327404,,,,,
19,579,5.675846099853516,0.027706950902938843,0.2862517237663269,0.002328271744772792,0.025753280147910118,,,,,
19,579,,,,,,5.617721080780029,0.029376648366451263,0.5303564667701721,0.0020586492028087378,0.02625695988535881
20,589,5.702208518981934,0.027375463396310806,0.2762324810028076,0.001981026027351618,0.025541074573993683,,,,,
20,599,5.691070079803467,0.02806004509329796,0.2872127294540405,0.002170837949961424,0.02613290213048458,,,,,
20,608,,,,,,5.6406426429748535,0.029212767258286476,0.5197083950042725,0.002409709617495537,0.026075877249240875
21,609,5.6570844650268555,0.028171991929411888,0.2802271246910095,0.002206947188824415,0.02627289667725563,,,,,
21,619,5.648738384246826,0.027906663715839386,0.28789111971855164,0.0032321843318641186,0.025764284655451775,,,,,
21,629,5.602205276489258,0.02750597894191742,0.2240675389766693,0.0015385773731395602,0.02602190338075161,,,,,
21,637,,,,,,5.56827449798584,0.0290374755859375,0.518546998500824,0.0022534208837896585,0.025938373059034348
22,639,5.590512275695801,0.027442630380392075,0.19627302885055542,0.0021166400983929634,0.02598203346133232,,,,,
22,649,5.606014728546143,0.02716638147830963,0.23592716455459595,0.0019927124958485365,0.02553214319050312,,,,,
22,659,5.576786041259766,0.027236104011535645,0.18941068649291992,0.0009500966407358646,0.02604326419532299,,,,,
22,666,,,,,,5.560971736907959,0.02876911498606205,0.5057623386383057,0.001846385421231389,0.025815419852733612
23,669,5.623211860656738,0.02716575749218464,0.165441632270813,0.0018842985155060887,0.025905458256602287,,,,,
23,679,5.668746471405029,0.02719305455684662,0.16246870160102844,0.0012461633887141943,0.026074789464473724,,,,,
23,689,5.655457019805908,0.02738816663622856,0.16770794987678528,0.0021978598088026047,0.026053499430418015,,,,,
23,695,,,,,,5.632308006286621,0.02857120893895626,0.5034121870994568,0.0013410522369667888,0.025729617103934288
24,699,5.718067169189453,0.02686849795281887,0.1608966886997223,0.0009417171822860837,0.025818489491939545,,,,,
24,709,5.703139305114746,0.026300208643078804,0.16808965802192688,0.0015671253204345703,0.025089304894208908,,,,,
24,719,5.709033012390137,0.02668258361518383,0.15538418292999268,0.0016219515819102526,0.025524182245135307,,,,,
24,724,,,,,,5.652062892913818,0.028517162427306175,0.5030078887939453,0.0014820190845057368,0.02564919926226139
25,729,5.67567253112793,0.026548437774181366,0.1466122269630432,0.001320939976722002,0.02549443207681179,,,,,
25,739,5.66069221496582,0.027030380442738533,0.18170177936553955,0.0016756978584453464,0.02573012374341488,,,,,
25,749,5.6535797119140625,0.026045551523566246,0.14514213800430298,0.0013592684408649802,0.02499145269393921,,,,,
25,753,,,,,,5.658600330352783,0.02836740016937256,0.5016583204269409,0.0010538653004914522,0.02559174969792366
26,759,5.655814170837402,0.026443228125572205,0.15400725603103638,0.0013787371572107077,0.025340886786580086,,,,,
26,769,5.74822998046875,0.026993002742528915,0.14925089478492737,0.0006746510043740273,0.02605433575809002,,,,,
26,779,5.713775634765625,0.02703506126999855,0.13882556557655334,0.0010245093144476414,0.02607889287173748,,,,,
26,782,,,,,,5.665780544281006,0.02845175378024578,0.5000492930412292,0.0017579448176547885,0.02554325945675373
27,789,5.714696407318115,0.026964737102389336,0.1715736985206604,0.000697934883646667,0.025910133495926857,,,,,
27,799,5.722656726837158,0.02684764191508293,0.13922280073165894,0.0006844538147561252,0.025957411155104637,,,,,
27,809,5.7141265869140625,0.026364753022789955,0.12808853387832642,0.0006933702970854938,0.025528496131300926,,,,,
27,811,,,,,,5.690145015716553,0.028239024803042412,0.5006508827209473,0.0007929434068500996,0.02552027814090252
28,819,5.750149250030518,0.026063378900289536,0.12195795029401779,0.00042815867345780134,0.0253104567527771,,,,,
28,829,5.714293479919434,0.026643158867955208,0.14566147327423096,0.0008420948288403451,0.025689290836453438,,,,,
28,839,5.72703218460083,0.026334252208471298,0.12697356939315796,0.000614351942203939,0.025519242510199547,,,,,
28,840,,,,,,5.702786445617676,0.028239713981747627,0.5011554956436157,0.0008697396842762828,0.025502962991595268
29,849,5.729249000549316,0.026020079851150513,0.11710889637470245,0.0008858562214300036,0.025200070813298225,,,,,
29,859,5.772385597229004,0.02626105397939682,0.1264018714427948,0.0005178925348445773,0.02546774409711361,,,,,
29,869,5.770820140838623,0.025745829567313194,0.08846529573202133,0.001218181336298585,0.02500215917825699,,,,,
29,869,,,,,,5.707363605499268,0.028197716921567917,0.5012074112892151,0.0006705387495458126,0.025500498712062836
30,879,5.799534797668457,0.02601928822696209,0.1155019998550415,0.000481555936858058,0.02528747171163559,,,,,
30,889,5.7888336181640625,0.026048695668578148,0.1433568298816681,0.0006589179392904043,0.025142237544059753,,,,,
30,898,,,,,,5.708110332489014,0.028214145451784134,0.5011675953865051,0.0007754563703201711,0.025496136397123337
31,899,5.675900459289551,0.026184527203440666,0.1490630805492401,0.00033420254476368427,0.02531561255455017,,,,,
31,909,5.707294464111328,0.026309041306376457,0.12401965260505676,0.0005826005944982171,0.025515349581837654,,,,,
31,919,5.781693458557129,0.02671908028423786,0.1222708597779274,0.0003737110528163612,0.025975167751312256,,,,,
31,927,,,,,,5.7112135887146,0.028213514015078545,0.5018247961997986,0.0007678602705709636,0.02549370378255844
32,929,5.753499507904053,0.02613365836441517,0.10949103534221649,0.0006538010202348232,0.025397907942533493,,,,,
32,939,5.792446136474609,0.026492152363061905,0.11300413310527802,0.0008265662472695112,0.02570389397442341,,,,,
32,949,5.810891628265381,0.026098091155290604,0.12196631729602814,0.000334734475472942,0.025363203138113022,,,,,
32,956,,,,,,5.721392631530762,0.02824285440146923,0.5004675388336182,0.0009500696323812008,0.025493290275335312
33,959,5.81083869934082,0.02653864398598671,0.12085109949111938,0.0007806953508406878,0.025720139965415,,,,,
33,969,5.755273342132568,0.026444150134921074,0.12143909931182861,0.0005657285219058394,0.0256662555038929,,,,,
33,979,5.7570695877075195,0.027159854769706726,0.14880838990211487,0.0007827763329260051,0.02620168775320053,,,,,
33,985,,,,,,5.7477006912231445,0.028216170147061348,0.5013291835784912,0.0008400034275837243,0.025484047830104828
34,989,5.816225528717041,0.02608143351972103,0.12485206127166748,0.0006016500410623848,0.02527868002653122,,,,,
34,999,5.820276260375977,0.026751767843961716,0.11001141369342804,0.0017860985826700926,0.02578628808259964,,,,,
34,1009,5.810153007507324,0.026698622852563858,0.14127109944820404,0.0011755945160984993,0.02569904550909996,,,,,
34,1014,,,,,,5.771629333496094,0.028609931468963623,0.5013167858123779,0.0028409920632839203,0.02547743171453476
35,1019,5.799743175506592,0.027036327868700027,0.09492343664169312,0.0014771257992833853,0.026208288967609406,,,,,
35,1029,5.781899452209473,0.027381539344787598,0.11250020563602448,0.0009889649227261543,0.026563428342342377,,,,,
35,1039,5.799785614013672,0.026278983801603317,0.11274690181016922,0.0014240107266232371,0.025372449308633804,,,,,
35,1043,,,,,,5.753929138183594,0.028372369706630707,0.5055484771728516,0.0016343204770237207,0.025460224598646164
36,1049,5.792370796203613,0.02686443366110325,0.10281398892402649,0.0012887006159871817,0.026034699752926826,,,,,
36,1059,5.797509670257568,0.02702908404171467,0.11887864768505096,0.0015193973667919636,0.02607283741235733,,,,,
36,1069,5.759624481201172,0.026743456721305847,0.10452841222286224,0.0014042308321222663,0.02588237263262272,,,,,
36,1072,,,,,,5.714269638061523,0.02832186408340931,0.5049321055412292,0.001429836149327457,0.025454094633460045
37,1079,5.754910945892334,0.0264235008507967,0.10601291060447693,0.0015109566738829017,0.02553369663655758,,,,,
37,1089,5.739275932312012,0.026135865598917007,0.1074540987610817,0.002732482273131609,0.024994704872369766,,,,,
37,1099,5.786397933959961,0.0263967365026474,0.0967688262462616,0.0008369325660169125,0.02568764239549637,,,,,
37,1101,,,,,,5.723552227020264,0.028273899108171463,0.510676383972168,0.0011369072599336505,0.025435898452997208
38,1109,5.790287971496582,0.02650756575167179,0.09499146044254303,0.0014201909070834517,0.02569066733121872,,,,,
38,1119,5.799245834350586,0.02554171159863472,0.0824526697397232,0.0013973385794088244,0.024791989475488663,,,,,
38,1129,5.7700347900390625,0.027134157717227936,0.09064661711454391,0.0019148231949657202,0.026240257546305656,,,,,
38,1130,,,,,,5.735062122344971,0.028518758714199066,0.5147132277488708,0.0023699551820755005,0.02541384845972061
39,1139,5.724047660827637,0.026680147275328636,0.09242722392082214,0.0026986778248101473,0.02562103606760502,,,,,
39,1149,5.685273170471191,0.026611248031258583,0.0877486914396286,0.0017093601636588573,0.025773778557777405,,,,,
39,1159,5.716538906097412,0.025560615584254265,0.07329995930194855,0.003274130867794156,0.02448212541639805,,,,,
39,1159,,,,,,5.671791076660156,0.028348583728075027,0.5248638987541199,0.0013309800997376442,0.02540135197341442
40,1169,5.73298454284668,0.025928471237421036,0.06349034607410431,0.0013303678715601563,0.02528761513531208,,,,,
40,1179,5.740983963012695,0.026232564821839333,0.05582689866423607,0.0025467765517532825,0.025386665016412735,,,,,
40,1188,,,,,,5.6780242919921875,0.028448471799492836,0.5298436880111694,0.0019161555683240294,0.025359246879816055
41,1189,5.685820579528809,0.02572478912770748,0.05659998208284378,0.0015821191482245922,0.025068506598472595,,,,,
41,1199,5.742354393005371,0.025701677426695824,0.06818091869354248,0.0009232113370671868,0.02511870674788952,,,,,
41,1209,5.731366157531738,0.025943927466869354,0.05441869795322418,0.0014488843735307455,0.0253247432410717,,,,,
41,1217,,,,,,5.641362190246582,0.028354059904813766,0.5294435620307922,0.0015736774075776339,0.025335699319839478
42,1219,5.6602091789245605,0.02588626928627491,0.05306055396795273,0.0013681144919246435,0.02529074251651764,,,,,
42,1229,5.6368608474731445,0.026387814432382584,0.06687406450510025,0.0008696154691278934,0.02582315169274807,,,,,
42,1239,5.673175811767578,0.02553468383848667,0.04803674295544624,0.001431069104000926,0.024951552972197533,,,,,
42,1246,,,,,,5.63888692855835,0.028376717120409012,0.5384756326675415,0.0015742977848276496,0.02531309239566326
43,1249,5.670867443084717,0.026253946125507355,0.05378782004117966,0.001689892029389739,0.02559031918644905,,,,,
43,1259,5.693917274475098,0.02555634267628193,0.04814557731151581,0.001067902659997344,0.02504509501159191,,,,,
43,1269,5.700209617614746,0.026322059333324432,0.04958386719226837,0.0015296281781047583,0.025711210444569588,,,,,
43,1275,,,,,,5.660984516143799,0.02835250459611416,0.5449188351631165,0.0014309368561953306,0.025285113602876663
44,1279,5.668443202972412,0.025348253548145294,0.046472109854221344,0.0010501621291041374,0.02484917640686035,,,,,
44,1289,5.703710556030273,0.02540270797908306,0.05225493013858795,0.000937518198043108,0.0248968917876482,,,,,
44,1299,5.754910469055176,0.025715148076415062,0.04803211987018585,0.001290221931412816,0.02515939436852932,,,,,
44,1304,,,,,,5.651763439178467,0.02828805521130562,0.5467735528945923,0.0011880079982802272,0.025260070338845253
45,1309,5.651080131530762,0.02604299783706665,0.04228128120303154,0.0010945217218250036,0.025556176900863647,,,,,
45,1319,5.723210334777832,0.025253061205148697,0.04275807738304138,0.0006081133615225554,0.02486041560769081,,,,,
45,1329,5.754168510437012,0.025535432621836662,0.033489350229501724,0.0008273901185020804,0.025144968181848526,,,,,
45,1333,,,,,,5.682511806488037,0.028233928605914116,0.5501429438591003,0.0010542419040575624,0.025215541943907738
46,1339,5.6983232498168945,0.02590589039027691,0.03333818167448044,0.0006051428499631584,0.02556118741631508,,,,,
46,1349,5.811485290527344,0.02592298947274685,0.03811538964509964,0.0006952616386115551,0.02553524635732174,,,,,
46,1359,5.724456787109375,0.024945586919784546,0.04233687371015549,0.00074584293179214,0.02452749013900757,,,,,
46,1362,,,,,,5.696298122406006,0.028189165517687798,0.5507484674453735,0.0008929673349484801,0.02519986405968666
47,1369,5.725893020629883,0.026006709784269333,0.04113663360476494,0.0006951768882572651,0.0256047323346138,,,,,
47,1379,5.768061637878418,0.02563992701470852,0.039912424981594086,0.0006793471984565258,0.025246815755963326,,,,,
47,1389,5.779752731323242,0.024789677932858467,0.03772449865937233,0.0005987457116134465,0.02442350797355175,,,,,
47,1391,,,,,,5.7187323570251465,0.028139282017946243,0.5522199869155884,0.000687516643665731,0.02518349327147007
48,1399,5.757697105407715,0.02581896260380745,0.03813423588871956,0.0004951063892804086,0.02547169290482998,,,,,
48,1409,5.761715888977051,0.026351798325777054,0.03974263370037079,0.0006136731244623661,0.02597273327410221,,,,,
48,1419,5.783329010009766,0.025749122723937035,0.03160038962960243,0.0004969480796717107,0.025433897972106934,,,,,
48,1420,,,,,,5.724612712860107,0.028124788776040077,0.554801344871521,0.0005988022894598544,0.02517377771437168
49,1429,5.793516159057617,0.025046078488230705,0.04054645448923111,0.0005898153758607805,0.024667447432875633,,,,,
49,1439,5.765798568725586,0.025990791618824005,0.04110336676239967,0.0003133047721348703,0.025664955377578735,,,,,
49,1449,5.7478485107421875,0.02489118091762066,0.03539775311946869,0.0012353339698165655,0.024409646168351173,,,,,
49,1449,,,,,,5.728747844696045,0.028112446889281273,0.5553005933761597,0.0005486105219461024,0.02516893297433853
50,1459,5.747322082519531,0.02535027265548706,0.048185646533966064,0.00045868800953030586,0.02496013417840004,,,,,
50,1469,5.795588970184326,0.025192756205797195,0.036428727209568024,0.0002595788682810962,0.024900740012526512,,,,,
50,1478,,,,,,5.7290215492248535,0.02813410386443138,0.555130124092102,0.0006836949032731354,0.025164427235722542
51,1479,5.780038833618164,0.025960450991988182,0.05106961727142334,0.00045383040560409427,0.02555653639137745,,,,,
51,1489,5.796712875366211,0.0259205624461174,0.037996940314769745,0.0004090548609383404,0.025590799748897552,,,,,
51,1499,5.752544403076172,0.025977443903684616,0.04043130576610565,0.00046076325816102326,0.02562560886144638,,,,,
51,1507,,,,,,5.7321014404296875,0.02813304029405117,0.55604487657547,0.0006553061539307237,0.02516443282365799
52,1509,5.788400650024414,0.02516249567270279,0.034957945346832275,0.0007163736154325306,0.02478654682636261,,,,,
52,1519,5.774256706237793,0.025795981287956238,0.037175148725509644,0.0005319385672919452,0.025445977225899696,,,,,
52,1529,5.781702995300293,0.025453202426433563,0.03901908919215202,0.0005136438412591815,0.02509756200015545,,,,,
52,1536,,,,,,5.739494800567627,0.028190238401293755,0.5565754175186157,0.0009263765532523394,0.025164689868688583
53,1539,5.799462795257568,0.025066101923584938,0.03630471229553223,0.00034256180515512824,0.024758070707321167,,,,,
53,1549,5.786059379577637,0.025385642424225807,0.037645142525434494,0.0007916801259852946,0.024981219321489334,,,,,
53,1559,5.773005962371826,0.025022320449352264,0.03813308849930763,0.0004098457866348326,0.024691954255104065,,,,,
53,1565,,,,,,5.75161075592041,0.028197091072797775,0.5562766194343567,0.0009688326972536743,0.02516442909836769
54,1569,5.765259265899658,0.024927692487835884,0.03450829163193703,0.0008181285811588168,0.024533873423933983,,,,,
54,1579,5.814663410186768,0.025915833190083504,0.03299906104803085,0.0007779815350659192,0.025537095963954926,,,,,
54,1589,5.852578163146973,0.025468574836850166,0.03283582627773285,0.0005473952041938901,0.025136390700936317,,,,,
54,1594,,,,,,5.761814594268799,0.02826167643070221,0.5596376061439514,0.001204301486723125,0.02516501024365425
55,1599,5.791560173034668,0.025468703359365463,0.02927212044596672,0.0005672651459462941,0.025150973349809647,,,,,
55,1609,5.816545486450195,0.025704320520162582,0.03661671280860901,0.0014239123556762934,0.025178290903568268,,,,,
55,1619,5.846560001373291,0.026228219270706177,0.03279099613428116,0.001108517637476325,0.025784095749258995,,,,,
55,1623,,,,,,5.76553201675415,0.02828070893883705,0.5629168748855591,0.001187882968224585,0.02517089620232582
56,1629,5.809589385986328,0.025421075522899628,0.03809867426753044,0.0010324972681701183,0.024965986609458923,,,,,
56,1639,5.824438095092773,0.025444261729717255,0.03328191488981247,0.0009913545800372958,0.02502133697271347,,,,,
56,1649,5.765825271606445,0.02613093890249729,0.039854779839515686,0.0008888291195034981,0.025696242228150368,,,,,
56,1652,,,,,,5.724936008453369,0.028411079198122025,0.5682321786880493,0.0016811506357043982,0.025176437571644783
57,1659,5.7828569412231445,0.025895005092024803,0.030829738825559616,0.0015507173957303166,0.025372885167598724,,,,,
57,1669,5.745328903198242,0.025137247517704964,0.027775611728429794,0.0011322514619678259,0.02471446432173252,,,,,
57,1679,5.753634452819824,0.025842156261205673,0.029610566794872284,0.0008073978242464364,0.025475086644291878,,,,,
57,1681,,,,,,5.709854602813721,0.02839292772114277,0.5709517598152161,0.0016300523420795798,0.02515505813062191
58,1689,5.772945404052734,0.024911684915423393,0.026742054149508476,0.0008954363875091076,0.024541158229112625,,,,,
58,1699,5.731688022613525,0.025563621893525124,0.03088397905230522,0.0010963622480630875,0.025132611393928528,,,,,
58,1709,5.73585319519043,0.025280749425292015,0.029006855562329292,0.0009614761220291257,0.024886060506105423,,,,,
58,1710,,,,,,5.683405876159668,0.028553588315844536,0.5820075273513794,0.0020420635119080544,0.02517830580472946
59,1719,5.723822593688965,0.02587527595460415,0.02758149616420269,0.002295084297657013,0.02522111125290394,,,,,
59,1729,5.686176300048828,0.026170283555984497,0.02820509858429432,0.0016363195609301329,0.02564513497054577,,,,,
59,1739,5.615424156188965,0.027110116556286812,0.02767682448029518,0.0018191193230450153,0.026551755145192146,,,,,
59,1739,,,,,,5.604433059692383,0.028510816395282745,0.5870704650878906,0.0018789154710248113,0.025143636390566826
60,1749,5.629595756530762,0.026213712990283966,0.024345606565475464,0.002779908012598753,0.02547970786690712,,,,,
60,1759,5.567657470703125,0.02568086050450802,0.02876974828541279,0.0018594623543322086,0.025109443813562393,,,,,
60,1768,,,,,,5.544724941253662,0.028544016182422638,0.5908134579658508,0.0019466541707515717,0.025145171210169792
61,1769,5.6362433433532715,0.025571636855602264,0.02543136291205883,0.0024947631172835827,0.02488916553556919,,,,,
61,1779,5.610848426818848,0.026005901396274567,0.02178855612874031,0.0012697558850049973,0.025586899369955063,,,,,
61,1789,5.541353702545166,0.02573745884001255,0.02398172952234745,0.0016258155228570104,0.02523697353899479,,,,,
61,1797,,,,,,5.525117874145508,0.028517508879303932,0.5926157236099243,0.001856317394413054,0.025127917528152466
62,1799,5.554323196411133,0.02524588257074356,0.02860034443438053,0.0018087290227413177,0.024685591459274292,,,,,
62,1809,5.56509256362915,0.025988414883613586,0.027530381456017494,0.0013297215336933732,0.0255291685461998,,,,,
62,1819,5.566699028015137,0.025733476504683495,0.03182530403137207,0.0007632601773366332,0.025366032496094704,,,,,
62,1826,,,,,,5.534149646759033,0.028385834768414497,0.5990328192710876,0.0012809126637876034,0.02507914789021015
63,1829,5.551919460296631,0.025698909536004066,0.02614353783428669,0.0008595548570156097,0.025340760126709938,,,,,
63,1839,5.60451078414917,0.025959381833672523,0.020443612709641457,0.0011745040537789464,0.02556621842086315,,,,,
63,1849,5.598822593688965,0.02548273466527462,0.02050795406103134,0.0011084128636866808,0.025102524086833,,,,,
63,1855,,,,,,5.532697677612305,0.028437897562980652,0.6034561395645142,0.0015453442465513945,0.02505621872842312
64,1859,5.611584663391113,0.025948934257030487,0.020276762545108795,0.001379429828375578,0.025515548884868622,,,,,
64,1869,5.6048994064331055,0.02563643828034401,0.01909167505800724,0.0013563948450610042,0.02521365135908127,,,,,
64,1879,5.540239334106445,0.025744641199707985,0.018877197057008743,0.0009405015734955668,0.02540675178170204,,,,,
64,1884,,,,,,5.500828742980957,0.02843363583087921,0.6026366353034973,0.001657990156672895,0.025033850222826004
65,1889,5.576040744781494,0.0249200239777565,0.018839534372091293,0.0009150354890152812,0.024587059393525124,,,,,
65,1899,5.5935163497924805,0.02548430860042572,0.021719450131058693,0.0006810889462940395,0.025183558464050293,,,,,
65,1909,5.555544376373291,0.02607722394168377,0.020137667655944824,0.0008180260192602873,0.025757374241948128,,,,,
65,1913,,,,,,5.533699989318848,0.028301255777478218,0.6063602566719055,0.0010230467887595296,0.025009505450725555
66,1919,5.652885913848877,0.025491856038570404,0.021115243434906006,0.0006691028829663992,0.025195930153131485,,,,,
66,1929,5.570261478424072,0.025206372141838074,0.01845584809780121,0.0006663700332865119,0.024925116449594498,,,,,
66,1939,5.5760579109191895,0.025673333555459976,0.02469596639275551,0.0007872614660300314,0.02533663995563984,,,,,
66,1942,,,,,,5.561287879943848,0.02825198881328106,0.6101898550987244,0.0007594073540531099,0.024993544444441795
67,1949,5.597866058349609,0.025287652388215065,0.017506539821624756,0.0007098602363839746,0.025002168491482735,,,,,
67,1959,5.628190040588379,0.025478001683950424,0.016573037952184677,0.0009363200515508652,0.025151589885354042,,,,,
67,1969,5.621970176696777,0.025531118735671043,0.022532448172569275,0.0005387337878346443,0.025254489853978157,,,,,
67,1971,,,,,,5.570900917053223,0.028276382014155388,0.6113380789756775,0.0009155792067758739,0.02498086914420128
68,1979,5.62508487701416,0.025295423343777657,0.017562679946422577,0.0003862012817990035,0.025074120610952377,,,,,
68,1989,5.591615676879883,0.024999497458338737,0.01729206182062626,0.000577759463340044,0.02474156953394413,,,,,
68,1999,5.635866641998291,0.025816280394792557,0.018076138570904732,0.000534564140252769,0.025562629103660583,,,,,
68,2000,,,,,,5.576182842254639,0.02825544960796833,0.6125914454460144,0.0008462085388600826,0.024967487901449203
69,2009,5.597468376159668,0.025432486087083817,0.017123937606811523,0.0005197267746552825,0.025186946615576744,,,,,
69,2019,5.662546157836914,0.02526387758553028,0.017654629424214363,0.00039425137219950557,0.02504012919962406,,,,,
69,2029,5.663898468017578,0.024298854172229767,0.014947272837162018,0.001535304938443005,0.023860417306423187,,,,,
69,2029,,,,,,5.578944683074951,0.028216121718287468,0.6129714250564575,0.0006577083840966225,0.02496393211185932
70,2039,5.637293815612793,0.02494155615568161,0.016754185780882835,0.00026730031822808087,0.024747952818870544,,,,,
70,2049,5.62713623046875,0.025906521826982498,0.016356514766812325,0.0004603447741828859,0.02567639946937561,,,,,
70,2058,,,,,,5.580443859100342,0.028208643198013306,0.6132784485816956,0.0006208349368534982,0.024962278082966805
71,2059,5.634649753570557,0.02529081702232361,0.019186358898878098,0.0006626932881772518,0.025005999952554703,,,,,
71,2069,5.677586555480957,0.025027239695191383,0.01663854531943798,0.00041995118954218924,0.0248032808303833,,,,,
71,2079,5.684134006500244,0.024948181584477425,0.015865981578826904,0.0004796985012944788,0.024716071784496307,,,,,
71,2087,,,,,,5.583576679229736,0.028229743242263794,0.6130998134613037,0.0007393655250780284,0.024960532784461975
72,2089,5.648448467254639,0.02524293027818203,0.01633555069565773,0.00039594981353729963,0.02502557821571827,,,,,
72,2099,5.629589080810547,0.025568310171365738,0.01811952330172062,0.0006832996150478721,0.02528475597500801,,,,,
72,2109,5.638952255249023,0.024704881012439728,0.017169464379549026,0.000365766289178282,0.024489490315318108,,,,,
72,2116,,,,,,5.592944622039795,0.028202228248119354,0.6140288710594177,0.0005427234573289752,0.02496761456131935
73,2119,5.608883857727051,0.025972772389650345,0.017165396362543106,0.0005678727175109088,0.02571728266775608,,,,,
73,2129,5.620687484741211,0.024916386231780052,0.020860567688941956,0.0007652707281522453,0.024602822959423065,,,,,
73,2139,5.616241455078125,0.025493307039141655,0.01783541589975357,0.0006556720472872257,0.025216832756996155,,,,,
73,2145,,,,,,5.60355281829834,0.028278876096010208,0.6154352426528931,0.0009072297834791243,0.024964218959212303
74,2149,5.649038314819336,0.02432258054614067,0.018488198518753052,0.0008126485627144575,0.024011120200157166,,,,,
74,2159,5.671565055847168,0.024891195818781853,0.016256961971521378,0.0006158938049338758,0.024630017578601837,,,,,
74,2169,5.668221950531006,0.02559692971408367,0.01581031084060669,0.001072926796041429,0.02524661086499691,,,,,
74,2174,,,,,,5.605834484100342,0.028293654322624207,0.6174401640892029,0.0008782434742897749,0.024974744766950607
75,2179,5.649191856384277,0.02473043091595173,0.01596352830529213,0.0011407576967030764,0.024365969002246857,,,,,
75,2189,5.645899772644043,0.02504035085439682,0.016462111845612526,0.0009106473298743367,0.02471945248544216,,,,,
75,2199,5.625566482543945,0.025281228125095367,0.015455994755029678,0.000985373160801828,0.02495061792433262,,,,,
75,2203,,,,,,5.588135719299316,0.028336264193058014,0.6211742758750916,0.0010425122454762459,0.024966008961200714
76,2209,5.62244987487793,0.02488817647099495,0.014389767311513424,0.001214966643601656,0.024517010897397995,,,,,
76,2219,5.58849573135376,0.02453448437154293,0.0185529962182045,0.0008009119774214923,0.02422565221786499,,,,,
76,2229,5.629087924957275,0.02560240402817726,0.014205138199031353,0.0018230790738016367,0.02511047013103962,,,,,
76,2232,,,,,,5.548721790313721,0.028494972735643387,0.6233685612678528,0.0017766295932233334,0.024967318400740623
77,2239,5.602189540863037,0.024913234636187553,0.013375835493206978,0.0013785785995423794,0.024514617398381233,,,,,
77,2249,5.568633079528809,0.025152990594506264,0.013590596616268158,0.0015866097528487444,0.024712029844522476,,,,,
77,2259,5.566137313842773,0.02528030425310135,0.01618162915110588,0.0008771830471232533,0.02496829815208912,,,,,
77,2261,,,,,,5.485342502593994,0.02848011441528797,0.6239581108093262,0.001633286476135254,0.02497880905866623
78,2269,5.481424331665039,0.025738390162587166,0.014226675033569336,0.0013687745667994022,0.025338688865303993,,,,,
78,2279,5.421960830688477,0.025531115010380745,0.016607897356152534,0.001493155723437667,0.025095226243138313,,,,,
78,2289,5.453555107116699,0.024766212329268456,0.014458565041422844,0.0013953184243291616,0.02436031959950924,,,,,
78,2290,,,,,,5.399888038635254,0.02854945696890354,0.628806471824646,0.0015980707248672843,0.025031810626387596
79,2299,5.386794567108154,0.02599007822573185,0.013855132274329662,0.00118105742149055,0.02563072368502617,,,,,
79,2309,5.407973289489746,0.02487262897193432,0.016787033528089523,0.0012865301687270403,0.024477308616042137,,,,,
79,2319,5.342538833618164,0.024335507303476334,0.02180330455303192,0.00231878156773746,0.023709308356046677,,,,,
79,2319,,,,,,5.318447589874268,0.02848532609641552,0.6292914748191833,0.0015907544875517488,0.024967534467577934
80,2329,5.382624626159668,0.02547602914273739,0.01308748684823513,0.0007225698791444302,0.025212252512574196,,,,,
80,2339,5.329342365264893,0.025005612522363663,0.014171716757118702,0.0009725050185807049,0.024686958640813828,,,,,
80,2348,,,,,,5.304777145385742,0.028439166024327278,0.6348192095756531,0.0013657482340931892,0.024938873946666718
81,2349,5.374303817749023,0.02580156922340393,0.016977153718471527,0.0017317484598606825,0.025316590443253517,,,,,
81,2359,5.379796028137207,0.024788901209831238,0.015448284335434437,0.0012485149782150984,0.024408157914876938,,,,,
81,2369,5.320636749267578,0.025003895163536072,0.0173751562833786,0.0009155618608929217,0.02468070015311241,,,,,
81,2377,,,,,,5.256096363067627,0.028480272740125656,0.6348654627799988,0.0016108378767967224,0.02493121847510338
82,2379,5.292452812194824,0.02563827857375145,0.013813305646181107,0.0012453601229935884,0.025267213582992554,,,,,
82,2389,5.320703506469727,0.024355145171284676,0.011715647764503956,0.001147693139500916,0.02401382103562355,,,,,
82,2399,5.294816970825195,0.024690896272659302,0.012149041518568993,0.0012276293709874153,0.024331677705049515,,,,,
82,2406,,,,,,5.282359600067139,0.028548987582325935,0.6450044512748718,0.0019591727759689093,0.02487931028008461
83,2409,5.341142177581787,0.0254988856613636,0.011967133730649948,0.00093719398137182,0.025198200717568398,,,,,
83,2419,5.322178840637207,0.024583257734775543,0.012369969859719276,0.00099498825147748,0.024269189685583115,,,,,
83,2429,5.342973232269287,0.025293905287981033,0.012250609695911407,0.0011576409451663494,0.024947693571448326,,,,,
83,2435,,,,,,5.275397300720215,0.028385914862155914,0.646293044090271,0.0012791699264198542,0.02484586089849472
84,2439,5.329709053039551,0.02500988356769085,0.010853847488760948,0.0012116939760744572,0.024659976363182068,,,,,
84,2449,5.327192306518555,0.025206036865711212,0.012674846686422825,0.001231794012710452,0.02484303154051304,,,,,
84,2459,5.332853317260742,0.025107678025960922,0.011236089281737804,0.0010381534229964018,0.024790536612272263,,,,,
84,2464,,,,,,5.28476095199585,0.028328444808721542,0.646777331829071,0.0011051028268411756,0.024820689111948013
85,2469,5.383610725402832,0.025665435940027237,0.011086003854870796,0.0006614205194637179,0.025423886254429817,,,,,
85,2479,5.3656768798828125,0.025659244507551193,0.011661303229629993,0.0010488800471648574,0.025337504222989082,,,,,
85,2489,5.35658073425293,0.024958375841379166,0.012962761335074902,0.0007948824786581099,0.02468101866543293,,,,,
85,2493,,,,,,5.325916290283203,0.028327742591500282,0.651543915271759,0.0010480663040652871,0.024807153269648552
86,2499,5.365402698516846,0.025737758725881577,0.010152705945074558,0.0006582029163837433,0.02550170198082924,,,,,
86,2509,5.384066581726074,0.025085989385843277,0.009305477142333984,0.0006912213284522295,0.024847378954291344,,,,,
86,2519,5.381442070007324,0.024809017777442932,0.010030735284090042,0.0008776847971603274,0.024529512971639633,,,,,
86,2522,,,,,,5.344126224517822,0.028231181204319,0.6525444388389587,0.000637740595266223,0.02478747069835663
87,2529,5.410459041595459,0.024778109043836594,0.014688849449157715,0.0006206798716448247,0.024526424705982208,,,,,
87,2539,5.428442001342773,0.02503919042646885,0.011148640885949135,0.0006406862521544099,0.024801025167107582,,,,,
87,2549,5.391706466674805,0.024345699697732925,0.011621866375207901,0.0006012181984260678,0.024113429710268974,,,,,
87,2551,,,,,,5.35092830657959,0.028214868158102036,0.6534672975540161,0.0006173847941681743,0.024770544841885567
88,2559,5.423285484313965,0.025033792480826378,0.010883107781410217,0.0004471866996027529,0.024835707619786263,,,,,
88,2569,5.396373748779297,0.024801243096590042,0.01029615942388773,0.000713932968210429,0.02455301024019718,,,,,
88,2579,5.40691614151001,0.02495337836444378,0.009584479033946991,0.0005164694739505649,0.024748094379901886,,,,,
88,2580,,,,,,5.364271640777588,0.02821323648095131,0.6544089317321777,0.0006413344526663423,0.024759281426668167
89,2589,5.4129438400268555,0.024659983813762665,0.009821027517318726,0.0005635919515043497,0.024444030597805977,,,,,
89,2599,5.40925407409668,0.025136278942227364,0.010010835714638233,0.0005398285575211048,0.02492416463792324,,,,,
89,2609,5.414744853973389,0.02585849165916443,0.017061451449990273,0.0010270309867337346,0.025513630360364914,,,,,
89,2609,,,,,,5.366658687591553,0.02821960113942623,0.6544013619422913,0.0007246130844578147,0.02474900521337986
90,2619,5.397115230560303,0.02499103918671608,0.011458792723715305,0.0003926676872652024,0.024801241233944893,,,,,
90,2629,5.440900802612305,0.024461185559630394,0.010553263127803802,0.00035585195291787386,0.02428283914923668,,,,,
90,2638,,,,,,5.368367671966553,0.028206560760736465,0.6544975638389587,0.0006523520569317043,0.024749914184212685
91,2639,5.444252967834473,0.02467043325304985,0.00967574305832386,0.000700723729096353,0.024427466094493866,,,,,
91,2649,5.425027847290039,0.024629082530736923,0.009453599341213703,0.0004896023310720921,0.024429643526673317,,,,,
91,2659,5.39102840423584,0.024786045774817467,0.011380777694284916,0.00033102542511187494,0.024609025567770004,,,,,
91,2667,,,,,,5.371983528137207,0.028196236118674278,0.6544111967086792,0.0006026504561305046,0.02474992722272873
92,2669,5.42816162109375,0.025197351351380348,0.009896473959088326,0.0007025916129350662,0.024953069165349007,,,,,
92,2679,5.431475639343262,0.024687137454748154,0.01359306089580059,0.0005237276200205088,0.024460110813379288,,,,,
92,2689,5.454202175140381,0.025390056893229485,0.0100841224193573,0.000743969576433301,0.025136301293969154,,,,,
92,2696,,,,,,5.378754615783691,0.028229355812072754,0.6559717059135437,0.0007292042719200253,0.024749871343374252
93,2699,5.442686080932617,0.02540859952569008,0.013476426713168621,0.00056508369743824,0.025173773989081383,,,,,
93,2709,5.4300689697265625,0.024624982848763466,0.01063463743776083,0.0007096229819580913,0.024375585839152336,,,,,
93,2719,5.4516706466674805,0.02504882961511612,0.01053717639297247,0.0006425726460292935,0.024813111871480942,,,,,
93,2725,,,,,,5.384475231170654,0.02824610285460949,0.6571203470230103,0.0007881393539719284,0.0247490294277668
94,2729,5.405111312866211,0.024546952918171883,0.010674780234694481,0.0005313981091603637,0.024333249777555466,,,,,
94,2739,5.4710822105407715,0.025336939841508865,0.00887493509799242,0.0006438808050006628,0.025109078735113144,,,,,
94,2749,5.454507827758789,0.024713406339287758,0.009311112575232983,0.0005288739921525121,0.02450653165578842,,,,,
94,2754,,,,,,5.400236129760742,0.02823827601969242,0.6571975946426392,0.0007209386676549911,0.024754097685217857
95,2759,5.435608863830566,0.02521972730755806,0.010129256173968315,0.0008091768249869347,0.02495288848876953,,,,,
95,2769,5.419363498687744,0.024700254201889038,0.011940252035856247,0.0009111985564231873,0.024404119700193405,,,,,
95,2779,5.451663494110107,0.0249664057046175,0.010151900351047516,0.0008806741680018604,0.024684995412826538,,,,,
95,2783,,,,,,5.380067825317383,0.028379907831549644,0.6604686379432678,0.001302632037550211,0.024763237684965134
96,2789,5.426277160644531,0.02479775808751583,0.008882950060069561,0.0011196210980415344,0.024475157260894775,,,,,
96,2799,5.447321891784668,0.024266701191663742,0.008523942902684212,0.00114214769564569,0.023941179737448692,,,,,
96,2809,5.327823638916016,0.024888359010219574,0.00974290445446968,0.0016020305920392275,0.024465959519147873,,,,,
96,2812,,,,,,5.362658500671387,0.028362682089209557,0.6613187789916992,0.0012254826724529266,0.024757366627454758
97,2819,5.379225254058838,0.02491760067641735,0.008683399297297001,0.001145317917689681,0.02459132857620716,,,,,
97,2829,5.387120723724365,0.024587538093328476,0.010758902877569199,0.0012911572121083736,0.024221640080213547,,,,,
97,2839,5.414764881134033,0.0246572382748127,0.011258726008236408,0.001090979902073741,0.024328602477908134,,,,,
97,2841,,,,,,5.326659202575684,0.02841520495712757,0.663430392742157,0.0015143615892156959,0.024741914123296738
98,2849,5.31431770324707,0.024769190698862076,0.00947230402380228,0.0013623770792037249,0.02439621090888977,,,,,
98,2859,5.321996688842773,0.025047380477190018,0.009596241638064384,0.0013554063625633717,0.024675097316503525,,,,,
98,2869,5.347521781921387,0.0250849649310112,0.009322828613221645,0.0015445873141288757,0.02467595785856247,,,,,
98,2870,,,,,,5.243799209594727,0.02838294953107834,0.6599963903427124,0.001324315438978374,0.02476566843688488
99,2879,5.287252426147461,0.024876439943909645,0.009120927192270756,0.001048215082846582,0.02456831932067871,,,,,
99,2889,5.2399492263793945,0.024799980223178864,0.01078859530389309,0.0009546158835291862,0.024502715095877647,,,,,
99,2899,5.213452339172363,0.025734374299645424,0.009185750037431717,0.0022252805065363646,0.025191253051161766,,,,,
99,2899,,,,,,5.172720432281494,0.02845298871397972,0.6611694693565369,0.0017893722979351878,0.024737540632486343
100,2909,5.257669448852539,0.025052214041352272,0.009441742673516273,0.0009712735190987587,0.024758173152804375,,,,,
100,2919,5.2029337882995605,0.025368720293045044,0.011977341026067734,0.0015219985507428646,0.02495240606367588,,,,,
100,2928,,,,,,5.131190776824951,0.02843732200562954,0.6677557229995728,0.001639454741962254,0.024719342589378357
101,2929,5.150853157043457,0.025299519300460815,0.010496698319911957,0.0014925639843568206,0.02489701472222805,,,,,
101,2939,5.171337127685547,0.025697976350784302,0.01067540142685175,0.0019669944886118174,0.025199487805366516,,,,,
101,2949,5.195545196533203,0.02441878244280815,0.009488372132182121,0.0010967846028506756,0.024100029841065407,,,,,
101,2957,,,,,,5.1076812744140625,0.028391161933541298,0.6677124500274658,0.0013897295575588942,0.024723578244447708
102,2959,5.158592700958252,0.0256935004144907,0.010401299223303795,0.0013085941318422556,0.02532818913459778,,,,,
102,2969,5.196907043457031,0.02542080730199814,0.009180987253785133,0.0013212149497121572,0.025058690458536148,,,,,
102,2979,5.11171817779541,0.024607939645648003,0.010976091027259827,0.0011277166195213795,0.02427639812231064,,,,,
102,2986,,,,,,5.095512866973877,0.028375456109642982,0.6708759665489197,0.001379239372909069,0.024694276973605156
103,2989,5.13641357421875,0.025247463956475258,0.009455382823944092,0.0008077607490122318,0.024987269192934036,,,,,
103,2999,5.200298309326172,0.025083735585212708,0.008986899629235268,0.0010638791136443615,0.02477402240037918,,,,,
103,3009,5.155567646026611,0.024688851088285446,0.010194377973675728,0.0010488046100363135,0.024376561865210533,,,,,
103,3015,,,,,,5.139613151550293,0.028291039168834686,0.672307550907135,0.0010372642427682877,0.02467065304517746
104,3019,5.189528465270996,0.024465832859277725,0.009886620566248894,0.0010708295740187168,0.024150339886546135,,,,,
104,3029,5.196096897125244,0.024732409045100212,0.00888919085264206,0.0009462627349421382,0.024446750059723854,,,,,
104,3039,5.2084126472473145,0.024426590651273727,0.008277524262666702,0.0007505584508180618,0.024183006957173347,,,,,
104,3044,,,,,,5.168032646179199,0.028310947120189667,0.6775044798851013,0.0012075129197910428,0.024630239233374596
105,3049,5.204293251037598,0.02472439408302307,0.009451037272810936,0.0013916937168687582,0.02434675768017769,,,,,
105,3059,5.19500732421875,0.024885976687073708,0.008356757462024689,0.0009006502223201096,0.02461211197078228,,,,,
105,3069,5.205577850341797,0.024549510329961777,0.008097782731056213,0.0008102481951937079,0.024294916540384293,,,,,
105,3073,,,,,,5.178223133087158,0.02831554040312767,0.6795095205307007,0.0012589567340910435,0.024614421650767326
106,3079,5.195813179016113,0.023750774562358856,0.008198878727853298,0.001101025496609509,0.023437615483999252,,,,,
106,3089,5.260658264160156,0.02439478226006031,0.007269757799804211,0.000870027462951839,0.02413182146847248,,,,,
106,3099,5.242595195770264,0.02414596825838089,0.007884779013693333,0.0005377000197768211,0.023946577683091164,,,,,
106,3102,,,,,,5.19723653793335,0.028264902532100677,0.6810144186019897,0.0010830503888428211,0.024591250345110893
107,3109,5.206110000610352,0.02514316886663437,0.007494920399039984,0.0005879179225303233,0.024936050176620483,,,,,
107,3119,5.272209167480469,0.024932190775871277,0.0069366637617349625,0.0006444980390369892,0.024715887382626534,,,,,
107,3129,5.309613227844238,0.02452828362584114,0.007085439749062061,0.0006375395460054278,0.024312252178788185,,,,,
107,3131,,,,,,5.211601257324219,0.028203392401337624,0.6822978258132935,0.0007739594439044595,0.024584997445344925
108,3139,5.2935791015625,0.024217261001467705,0.00697932718321681,0.0004788944497704506,0.024033648893237114,,,,,
108,3149,5.29754638671875,0.02409897744655609,0.0073394509963691235,0.000608818547334522,0.02388754114508629,,,,,
108,3159,5.2658185958862305,0.024785762652754784,0.007691564969718456,0.0006120801554061472,0.024572229012846947,,,,,
108,3160,,,,,,5.2178120613098145,0.028207238763570786,0.6832200884819031,0.0008413821924477816,0.024570688605308533
109,3169,5.279908180236816,0.025005782023072243,0.006974831689149141,0.0005399788497015834,0.02481011301279068,,,,,
109,3179,5.289856910705566,0.024867018684744835,0.008335335180163383,0.00046137638855725527,0.02468016743659973,,,,,
109,3189,5.238968849182129,0.024599537253379822,0.006479059811681509,0.0012937398860231042,0.02425600402057171,,,,,
109,3189,,,,,,5.224254131317139,0.028169086202979088,0.6830773949623108,0.0006705488194711506,0.02456735074520111
110,3199,5.253997802734375,0.024817435070872307,0.008708411827683449,0.0006120296311564744,0.024598948657512665,,,,,
110,3209,5.281534194946289,0.024523567408323288,0.007719446439296007,0.000541668850928545,0.02432382106781006,,,,,
110,3218,,,,,,5.225096702575684,0.028176741674542427,0.6836264729499817,0.0006961685721762478,0.024567127227783203
111,3219,5.27316951751709,0.024664878845214844,0.007516399025917053,0.00047566444845870137,0.02447943203151226,,,,,
111,3229,5.269140720367432,0.024645324796438217,0.00780089944601059,0.00040761096170172095,0.024472108110785484,,,,,
111,3239,5.211146354675293,0.024269524961709976,0.008130360394716263,0.0005917621892876923,0.02405840903520584,,,,,
111,3247,,,,,,5.227725505828857,0.028185874223709106,0.683356761932373,0.0007590329623781145,0.02456500567495823
112,3249,5.283306121826172,0.024979062378406525,0.00686200987547636,0.0005182619206607342,0.02478826604783535,,,,,
112,3259,5.289555072784424,0.025024082511663437,0.006553654558956623,0.0003846422187052667,0.024861490353941917,,,,,
112,3269,5.284567356109619,0.024077095091342926,0.007256935350596905,0.0005664390628226101,0.0238746777176857,,,,,
112,3276,,,,,,5.237954139709473,0.02819807268679142,0.6845077872276306,0.0007704966119490564,0.024569055065512657
113,3279,5.248078346252441,0.024444911628961563,0.008284172043204308,0.0006799589609727263,0.02421501837670803,,,,,
113,3289,5.2826080322265625,0.02466539852321148,0.007345138117671013,0.0005386460106819868,0.024468116462230682,,,,,
113,3299,5.273211479187012,0.024621671065688133,0.0069666458293795586,0.000709715997800231,0.02439216338098049,,,,,
113,3305,,,,,,5.248237609863281,0.028236009180545807,0.6840695142745972,0.0009699498768895864,0.024569189175963402
114,3309,5.28154993057251,0.02441195212304592,0.008136861957609653,0.000965736573562026,0.02412530593574047,,,,,
114,3319,5.318752288818359,0.024220483377575874,0.007209615781903267,0.0008065143483690917,0.023969944566488266,,,,,
114,3329,5.315768241882324,0.024443387985229492,0.007673031650483608,0.000611090858001262,0.02422964759171009,,,,,
114,3334,,,,,,5.251246929168701,0.028229501098394394,0.683367908000946,0.0009156170417554677,0.024577025324106216
115,3339,5.287378311157227,0.024575484916567802,0.00578084634616971,0.0009534138953313231,0.024303024634718895,,,,,
115,3349,5.336739540100098,0.02512972056865692,0.006060278974473476,0.0008701180922798812,0.024872029200196266,,,,,
115,3359,5.296360492706299,0.024681909009814262,0.007558505516499281,0.0010592618491500616,0.024379299953579903,,,,,
115,3363,,,,,,5.249632358551025,0.02827763929963112,0.6889578700065613,0.0009694411419332027,0.02458646334707737
116,3369,5.2746686935424805,0.024299316108226776,0.007583437487483025,0.0008709769463166595,0.02403445728123188,,,,,
116,3379,5.2932634353637695,0.02410108782351017,0.006246347911655903,0.0009258513455279171,0.023831753060221672,,,,,
116,3389,5.27769136428833,0.024920491501688957,0.004999114666134119,0.0008831844897940755,0.024666083976626396,,,,,
116,3392,,,,,,5.205972194671631,0.02838333323597908,0.6904113292694092,0.001455110963433981,0.024588195607066154
117,3399,5.222418785095215,0.02499859221279621,0.007165726739913225,0.00139239605050534,0.024632060900330544,,,,,
117,3409,5.205450057983398,0.025327563285827637,0.006008823402225971,0.0011653583496809006,0.025012392550706863,,,,,
117,3419,5.1922760009765625,0.024771904572844505,0.006882217712700367,0.0010185189312323928,0.024481866508722305,,,,,
117,3421,,,,,,5.1350603103637695,0.02832830511033535,0.6882449388504028,0.0011743745999410748,0.024600854143500328
118,3429,5.152730464935303,0.023885661736130714,0.00674318615347147,0.0008879617089405656,0.023622825741767883,,,,,
118,3439,5.063089847564697,0.02464907057583332,0.007460861466825008,0.0011851214803755283,0.02432411164045334,,,,,
118,3449,5.070167541503906,0.025072328746318817,0.007499405182898045,0.0009129903046414256,0.024801531806588173,,,,,
118,3450,,,,,,5.005566120147705,0.028338385745882988,0.686545729637146,0.0012195254676043987,0.024611696600914
119,3459,5.098818302154541,0.024300744757056236,0.007639819756150246,0.0010814128909260035,0.023995274677872658,,,,,
119,3469,5.053846836090088,0.02439914457499981,0.008232415653765202,0.001351912971585989,0.024037059396505356,,,,,
119,3479,5.099489212036133,0.025895079597830772,0.006258017849177122,0.0021182021591812372,0.025389153510332108,,,,,
119,3479,,,,,,5.03390645980835,0.028385568410158157,0.6913508176803589,0.0014761827187612653,0.02458323910832405
120,3489,5.06276273727417,0.025264155119657516,0.007203398738056421,0.001713840407319367,0.02483474463224411,,,,,
120,3499,5.042431354522705,0.0244828462600708,0.008149000816047192,0.0011016004718840122,0.024171357974410057,,,,,
120,3508,,,,,,5.013167381286621,0.028419580310583115,0.6937249302864075,0.0015636550961062312,0.024588093161582947
121,3509,5.0497026443481445,0.025149879977107048,0.008153359405696392,0.0011540844570845366,0.024827798828482628,,,,,
121,3519,5.050073146820068,0.02459808811545372,0.00788191519677639,0.001325732795521617,0.024243032559752464,,,,,
121,3529,5.080417633056641,0.025138618424534798,0.008181591518223286,0.0012994710123166442,0.024787012487649918,,,,,
121,3537,,,,,,4.99415922164917,0.028394415974617004,0.6956060528755188,0.0014194941613823175,0.024582548066973686
122,3539,5.007591247558594,0.025517119094729424,0.007183258421719074,0.0010921892244368792,0.025212690234184265,,,,,
122,3549,5.021047592163086,0.024405794218182564,0.007480921223759651,0.0008866960415616632,0.024140840396285057,,,,,
122,3559,5.042736053466797,0.024922387674450874,0.00666089029982686,0.0010955736506730318,0.024619542062282562,,,,,
122,3566,,,,,,4.9889373779296875,0.028430607169866562,0.700423538684845,0.0016216153744608164,0.02455427311360836
123,3569,5.032604217529297,0.024459240958094597,0.007516074925661087,0.0012984537752345204,0.024111643433570862,,,,,
123,3579,5.024008750915527,0.02411513775587082,0.006809663027524948,0.0010935651371255517,0.02381213568150997,,,,,
123,3589,5.054594039916992,0.024808429181575775,0.00658540241420269,0.000657144351862371,0.024593526497483253,,,,,
123,3595,,,,,,4.9674835205078125,0.028310716152191162,0.7003346085548401,0.0011187158524990082,0.02453562617301941
124,3599,5.006162643432617,0.025003021582961082,0.0075834812596440315,0.001061576185747981,0.024702725932002068,,,,,
124,3609,5.046987533569336,0.024450097233057022,0.006706905085593462,0.0007390903774648905,0.024218274280428886,,,,,
124,3619,5.022062301635742,0.024581456556916237,0.006412753835320473,0.0007388961967080832,0.024351393803954124,,,,,
124,3624,,,,,,5.004705905914307,0.028310418128967285,0.7024953961372375,0.0011594960233196616,0.024515995755791664
125,3629,5.0423784255981445,0.024671204388141632,0.006336444988846779,0.0006713804323226213,0.02445482276380062,,,,,
125,3639,5.074538230895996,0.024791093543171883,0.006079376209527254,0.000848380324896425,0.02454027533531189,,,,,
125,3649,5.056317329406738,0.024252839386463165,0.0057863499969244,0.0006445414619520307,0.02404443547129631,,,,,
125,3653,,,,,,5.037466526031494,0.028243619948625565,0.7052028775215149,0.0008384324610233307,0.024499544873833656
126,3659,5.074307441711426,0.024437321349978447,0.005659012123942375,0.0008849134901538491,0.024181300774216652,,,,,
126,3669,5.106989860534668,0.02374383620917797,0.006156271789222956,0.0005812874296680093,0.023545727133750916,,,,,
126,3679,5.144033432006836,0.024724742397665977,0.005215776152908802,0.0006227527046576142,0.024522671476006508,,,,,
126,3682,,,,,,5.062802791595459,0.0282424446195364,0.708200216293335,0.0008277257438749075,0.02448526956140995
127,3689,5.092328071594238,0.024512777104973793,0.006401998922228813,0.0006576985470019281,0.024298304691910744,,,,,
127,3699,5.099261283874512,0.024434983730316162,0.006531575694680214,0.0006001654546707869,0.024231301620602608,,,,,
127,3709,5.129011631011963,0.02420921064913273,0.00566646084189415,0.00042641645995900035,0.024044305086135864,,,,,
127,3711,,,,,,5.0744218826293945,0.02824428305029869,0.7097747921943665,0.0008812578162178397,0.02446841634809971
128,3719,5.129458904266357,0.024525269865989685,0.005517890676856041,0.0005022208206355572,0.024345939978957176,,,,,
128,3729,5.128248691558838,0.023990675806999207,0.005006619729101658,0.0004470981075428426,0.023824939504265785,,,,,
128,3739,5.108895301818848,0.024881670251488686,0.005605361424386501,0.00046514254063367844,0.02470952644944191,,,,,
128,3740,,,,,,5.078118324279785,0.028216799721121788,0.710033655166626,0.0007860579644329846,0.024458637461066246
129,3749,5.152646064758301,0.024246448650956154,0.004934792406857014,0.0005967880133539438,0.024050889536738396,,,,,
129,3759,5.149328231811523,0.024006139487028122,0.006776442751288414,0.0006003478192724288,0.023800695315003395,,,,,
129,3769,5.124279499053955,0.0234343484044075,0.005145902279764414,0.0012662217486649752,0.02310413122177124,,,,,
129,3769,,,,,,5.081547737121582,0.028184613212943077,0.7095776796340942,0.0006564939394593239,0.02445460855960846
130,3779,5.170742034912109,0.024569543078541756,0.005551064852625132,0.00035021069925278425,0.024420037865638733,,,,,
130,3789,5.149679660797119,0.02430238202214241,0.006752773188054562,0.0006778950337320566,0.02408154308795929,,,,,
130,3798,,,,,,5.083390235900879,0.02819173038005829,0.7108157873153687,0.0006681341910734773,0.024453185498714447
131,3799,5.110392093658447,0.02472594566643238,0.0050697727128863335,0.00039895728696137667,0.02456970140337944,,,,,
131,3809,5.163036346435547,0.024043302983045578,0.005275352392345667,0.0004159848322160542,0.023882098495960236,,,,,
131,3819,5.152837753295898,0.024257101118564606,0.005656936671584845,0.0005648046499118209,0.024064328521490097,,,,,
131,3827,,,,,,5.087521553039551,0.028194749727845192,0.7105218768119812,0.0006800905684940517,0.024455247446894646
132,3829,5.147973537445068,0.024598898366093636,0.0049724034033715725,0.0003916920686606318,0.0244442168623209,,,,,
132,3839,5.149235725402832,0.023948734626173973,0.0051099881529808044,0.0004921891959384084,0.023773254826664925,,,,,
132,3849,5.135129928588867,0.023709077388048172,0.0047172182239592075,0.00047487844130955637,0.023539163172245026,,,,,
132,3856,,,,,,5.094440460205078,0.028216563165187836,0.7109928727149963,0.0007778186700306833,0.02445508912205696
133,3859,5.121720314025879,0.024335665628314018,0.005293660797178745,0.000773585750721395,0.024103263393044472,,,,,
133,3869,5.133772850036621,0.02498875930905342,0.006050281226634979,0.0006112011033110321,0.024784930050373077,,,,,
133,3879,5.145340919494629,0.023989228531718254,0.005193149670958519,0.0006347718881443143,0.023784855380654335,,,,,
133,3885,,,,,,5.111613750457764,0.028217555955052376,0.7129242420196533,0.000691963592544198,0.02446342445909977
134,3889,5.144575119018555,0.024044407531619072,0.005178600084036589,0.0006103122141212225,0.02384500578045845,,,,,
134,3899,5.182797431945801,0.024099214002490044,0.004718451760709286,0.0004522100789472461,0.023933351039886475,,,,,
134,3909,5.171078681945801,0.02446753904223442,0.0044315289705991745,0.0008489510510116816,0.02422388084232807,,,,,
134,3914,,,,,,5.116657257080078,0.028310121968388557,0.7141720652580261,0.001094959327019751,0.024469105526804924
135,3919,5.168749809265137,0.024154288694262505,0.0047813523560762405,0.000977586256340146,0.02388317510485649,,,,,
135,3929,5.1796183586120605,0.02416278049349785,0.0050375559367239475,0.0006691329763270915,0.023951968178153038,,,,,
135,3939,5.131473541259766,0.024229805916547775,0.005087241530418396,0.0009415043750777841,0.02396475523710251,,,,,
135,3943,,,,,,5.102471351623535,0.028319815173745155,0.7124538421630859,0.0011608240893110633,0.024474360048770905
136,3949,5.165951251983643,0.024832991883158684,0.005307398736476898,0.0007649121689610183,0.024601813405752182,,,,,
136,3959,5.1523027420043945,0.024112166836857796,0.005016304086893797,0.0009102221811190248,0.023853518068790436,,,,,
136,3969,5.129840850830078,0.02432708442211151,0.004781325813382864,0.001157896826043725,0.024020299315452576,,,,,
136,3972,,,,,,5.0713090896606445,0.028298864141106606,0.7162230610847473,0.000892840267624706,0.02448846399784088
137,3979,5.112702369689941,0.024870125576853752,0.005205540917813778,0.0008635151316411793,0.024620266631245613,,,,,
137,3989,5.001643180847168,0.024499014019966125,0.005630722735077143,0.0010949241695925593,0.024201858788728714,,,,,
137,3999,5.039660453796387,0.02490229159593582,0.0051713911816477776,0.0015897027915343642,0.024508098140358925,,,,,
137,4001,,,,,,4.9734110832214355,0.028322020545601845,0.7134183645248413,0.0010684872977435589,0.02449149452149868
138,4009,5.023171424865723,0.024824833497405052,0.005405601114034653,0.0011646200437098742,0.02451464906334877,,,,,
138,4019,4.968140125274658,0.02438182383775711,0.005467849783599377,0.0008304429356940091,0.024138715118169785,,,,,
138,4029,4.9905853271484375,0.024859614670276642,0.005528074689209461,0.0010180182289332151,0.024578465148806572,,,,,
138,4030,,,,,,4.931546211242676,0.028348824009299278,0.7157241106033325,0.0010441845515742898,0.024512048810720444
139,4039,5.009771347045898,0.02417367696762085,0.005766024347394705,0.0010642216075211763,0.023881904780864716,,,,,
139,4049,4.939618110656738,0.02475060522556305,0.005959196016192436,0.0015003159642219543,0.024371350184082985,,,,,
139,4059,4.924947738647461,0.02441607601940632,0.00599491223692894,0.0014959336258471012,0.024037664756178856,,,,,
139,4059,,,,,,4.891905784606934,0.028388340026140213,0.7144415378570557,0.0012726964196190238,0.024512672796845436
140,4069,4.940028190612793,0.02457936480641365,0.005373098887503147,0.0007404767675325274,0.024355003610253334,,,,,
140,4079,4.886873245239258,0.02443314529955387,0.0072422390803694725,0.0007846775697544217,0.024191129952669144,,,,,
140,4088,,,,,,4.845119476318359,0.02844102866947651,0.7160484790802002,0.00153015973046422,0.024506302550435066
141,4089,4.891982078552246,0.02397574484348297,0.00573386624455452,0.001185927540063858,0.023660968989133835,,,,,
141,4099,4.827108383178711,0.023935910314321518,0.00574534572660923,0.0009481226443313062,0.0236692875623703,,,,,
141,4109,4.800708293914795,0.0251370407640934,0.005978607106953859,0.0010441364720463753,0.024850312620401382,,,,,
141,4117,,,,,,4.801393985748291,0.028354639187455177,0.7155194282531738,0.0011529431212693453,0.024498436599969864
142,4119,4.855891704559326,0.024841686710715294,0.005755026359111071,0.0008496119407936931,0.02459442988038063,,,,,
142,4129,4.85822868347168,0.023901158943772316,0.0057035526260733604,0.0011487447191029787,0.023594310507178307,,,,,
142,4139,4.874560356140137,0.02438300848007202,0.006340285297483206,0.0007554322364740074,0.024151474237442017,,,,,
142,4146,,,,,,4.831802845001221,0.028364339843392372,0.7173621654510498,0.001231957459822297,0.02448282018303871
143,4149,4.893205642700195,0.02467510476708412,0.0058431923389434814,0.0010917892213910818,0.024378599599003792,,,,,
143,4159,4.890809535980225,0.02430235594511032,0.005214088596403599,0.0009920315351337194,0.024028971791267395,,,,,
143,4169,4.9375834465026855,0.024429038166999817,0.00568552128970623,0.0010897746542468667,0.02413327991962433,,,,,
143,4175,,,,,,4.8811445236206055,0.028321590274572372,0.7218610048294067,0.0010363245382905006,0.0244562067091465
144,4179,4.947021484375,0.02427072823047638,0.005015498027205467,0.0008962363936007023,0.024016933515667915,,,,,
144,4189,4.9675140380859375,0.02396375685930252,0.0054964590817689896,0.000790995080024004,0.023728402331471443,,,,,
144,4199,4.990660667419434,0.024736419320106506,0.004814795218408108,0.0008905237191356719,0.024484334513545036,,,,,
144,4204,,,,,,4.927713871002197,0.028304604813456535,0.7258623242378235,0.00092333770589903,0.024441350251436234
145,4209,4.99166202545166,0.024514272809028625,0.005055572837591171,0.000628999900072813,0.02431327849626541,,,,,
145,4219,4.978114128112793,0.02435596100986004,0.004814819432795048,0.0008409279398620129,0.024113919585943222,,,,,
145,4229,4.975727558135986,0.024437090381979942,0.004853128921240568,0.000753988279029727,0.024212269112467766,,,,,
145,4233,,,,,,4.937928676605225,0.02825375273823738,0.726474404335022,0.000755762099288404,0.024420849978923798
146,4239,4.991631984710693,0.024227507412433624,0.0046441094018518925,0.0006821526912972331,0.0240179393440485,,,,,
146,4249,4.993252754211426,0.02407633513212204,0.004691518843173981,0.0005519662518054247,0.02389255166053772,,,,,
146,4259,5.020359516143799,0.024209745228290558,0.004598082043230534,0.0005400041118264198,0.02402855083346367,,,,,
146,4262,,,,,,4.957651138305664,0.028285229578614235,0.7300158739089966,0.000915437878575176,0.02440248616039753
147,4269,5.016079902648926,0.024013802409172058,0.004221359267830849,0.0007731668301858008,0.023787900805473328,,,,,
147,4279,5.02250862121582,0.024655645713210106,0.004346686881035566,0.000826123752631247,0.024418463930487633,,,,,
147,4289,4.973657608032227,0.024261081591248512,0.004012542776763439,0.0006255014450289309,0.024066181853413582,,,,,
147,4291,,,,,,4.969736576080322,0.028250640258193016,0.7328755855560303,0.0007261751452460885,0.024391328915953636
148,4299,5.042184829711914,0.02473760023713112,0.004823259077966213,0.0005693192360922694,0.024549199268221855,,,,,
148,4309,4.965085506439209,0.024563724175095558,0.004546108655631542,0.0005687731318175793,0.02437758818268776,,,,,
148,4319,5.035708427429199,0.024277258664369583,0.0038491578307002783,0.0006295817438513041,0.02408173866569996,,,,,
148,4320,,,,,,4.972938060760498,0.02821948565542698,0.7323194146156311,0.0006071512470953166,0.024386730045080185
149,4329,5.01291561126709,0.024743355810642242,0.004141944460570812,0.0005485446308739483,0.024562807753682137,,,,,
149,4339,5.029643535614014,0.024325041100382805,0.004503306001424789,0.00046892717364244163,0.02415844239294529,,,,,
149,4349,5.020240783691406,0.02430548146367073,0.004561934620141983,0.001144056674093008,0.024003658443689346,,,,,
149,4349,,,,,,4.973800182342529,0.028219319880008698,0.7318419218063354,0.0006464899051934481,0.02438107505440712
150,4359,5.017087936401367,0.024618392810225487,0.004516924265772104,0.00038181699346750975,0.024469275027513504,,,,,
150,4369,4.98820686340332,0.02445697970688343,0.004534794948995113,0.0003097547742072493,0.024322472512722015,,,,,
150,4378,,,,,,4.975879669189453,0.028219172731041908,0.7327482104301453,0.0006271363818086684,0.024380244314670563
151,4379,5.032290935516357,0.024102110415697098,0.004111611284315586,0.00047162341070361435,0.023936904966831207,,,,,
151,4389,5.005414009094238,0.023852484300732613,0.00511570181697607,0.0004574035410769284,0.02368537150323391,,,,,
151,4399,4.9960222244262695,0.024316495284438133,0.0046269530430436134,0.0005680456524714828,0.024129793047904968,,,,,
151,4407,,,,,,4.980587482452393,0.028222156688570976,0.7333205342292786,0.0006283620023168623,0.024380076676607132
152,4409,5.029867172241211,0.024206649512052536,0.004434860311448574,0.00030834798235446215,0.02407250553369522,,,,,
152,4419,5.024392127990723,0.02419401705265045,0.004408302251249552,0.0003740802058018744,0.024046914651989937,,,,,
152,4429,5.021620750427246,0.023947399109601974,0.004015393555164337,0.0004221521958243102,0.023792674764990807,,,,,
152,4436,,,,,,4.988429546356201,0.028244968503713608,0.733940839767456,0.0007214638171717525,0.024381082504987717
153,4439,5.042314529418945,0.024493491277098656,0.003893364919349551,0.0007860178593546152,0.024266397580504417,,,,,
153,4449,4.997725009918213,0.023864727467298508,0.004312788136303425,0.0006502696196548641,0.02366313338279724,,,,,
153,4459,5.040153503417969,0.02433171682059765,0.004043275956064463,0.0004798510344699025,0.02416512742638588,,,,,
153,4465,,,,,,4.987777233123779,0.028261050581932068,0.7340002059936523,0.0007737084524706006,0.024386432021856308
154,4469,5.042470455169678,0.023992644622921944,0.0036886779125779867,0.0006834985106252134,0.02378707565367222,,,,,
154,4479,5.055971145629883,0.02417818270623684,0.003676479682326317,0.0005909224273636937,0.02399105578660965,,,,,
154,4489,5.029544353485107,0.02434760332107544,0.0036330404691398144,0.0005971876671537757,0.024159705266356468,,,,,
154,4494,,,,,,5.004711627960205,0.028284160420298576,0.7360597252845764,0.0007610432803630829,0.024401603266596794
155,4499,5.060190200805664,0.024737879633903503,0.003919171169400215,0.0008834570180624723,0.024490991607308388,,,,,
155,4509,5.0426788330078125,0.024590032175183296,0.0038095423951745033,0.000787756172940135,0.02436300553381443,,,,,
155,4519,5.0248517990112305,0.02472195215523243,0.0037807589396834373,0.000998763949610293,0.024453047662973404,,,,,
155,4523,,,,,,4.96372652053833,0.02832629717886448,0.7354249954223633,0.0009879681747406721,0.024401938542723656
156,4529,5.028835296630859,0.023942600935697556,0.003924400545656681,0.0006836708053015172,0.023735957220196724,,,,,
156,4539,4.980264186859131,0.02472296915948391,0.0038290873635560274,0.0009292954346165061,0.024468161165714264,,,,,
156,4549,4.981196880340576,0.025124922394752502,0.003847940359264612,0.0006858677370473742,0.024918697774410248,,,,,
156,4552,,,,,,4.919707775115967,0.02829720452427864,0.7322722673416138,0.0008627952774986625,0.02441408485174179
157,4559,4.958664417266846,0.0245442483574152,0.003874890273436904,0.0012710874434560537,0.024221068248152733,,,,,
157,4569,4.926922798156738,0.024186478927731514,0.004122056066989899,0.0008888784795999527,0.023938823491334915,,,,,
157,4579,4.924800872802734,0.024708157405257225,0.004346899688243866,0.000996406190097332,0.02443789318203926,,,,,
157,4581,,,,,,4.863753795623779,0.028362438082695007,0.7338206171989441,0.0011625118786469102,0.02441219799220562
158,4589,4.907060623168945,0.024000519886612892,0.004504416603595018,0.000788948847912252,0.02377113699913025,,,,,
158,4599,4.864408493041992,0.024328209459781647,0.004628595896065235,0.0008712684502825141,0.024082167074084282,,,,,
158,4609,4.879586219787598,0.02430970035493374,0.004618351347744465,0.0008547610486857593,0.02406686171889305,,,,,
158,4610,,,,,,4.8199944496154785,0.02842545695602894,0.7331622242927551,0.001262703095562756,0.024458905681967735
159,4619,4.8292975425720215,0.024295618757605553,0.004519656766206026,0.0012940037995576859,0.023965926840901375,,,,,
159,4629,4.791228294372559,0.023915186524391174,0.004722552374005318,0.0010247903410345316,0.023638702929019928,,,,,
159,4639,4.803508758544922,0.02464330941438675,0.005171831697225571,0.0014507521409541368,0.024279264733195305,,,,,
159,4639,,,,,,4.7352776527404785,0.028451817110180855,0.7273853421211243,0.0015691478038206697,0.02445370703935623
160,4649,4.789043426513672,0.02454468607902527,0.004685466643422842,0.0008286110241897404,0.024307647719979286,,,,,
160,4659,4.7933197021484375,0.0243612602353096,0.004402298480272293,0.0010380949825048447,0.0240836963057518,,,,,
160,4668,,,,,,4.775991916656494,0.028350884094834328,0.7345432639122009,0.0010192417539656162,0.02442656084895134
161,4669,4.81825065612793,0.023895327001810074,0.004642108455300331,0.0009017768315970898,0.023643577471375465,,,,,
161,4679,4.811258792877197,0.02427949197590351,0.004610910080373287,0.0008212376851588488,0.024044077843427658,,,,,
161,4689,4.781416416168213,0.02446172386407852,0.004749370738863945,0.0008284002542495728,0.024224482476711273,,,,,
161,4697,,,,,,4.762951374053955,0.028443239629268646,0.7369962334632874,0.0013992354506626725,0.024430783465504646
162,4699,4.773128509521484,0.023947011679410934,0.005055256187915802,0.0009942094329744577,0.023675162345170975,,,,,
162,4709,4.814142227172852,0.024576839059591293,0.0047734444960951805,0.0011791277211159468,0.02426900342106819,,,,,
162,4719,4.7908124923706055,0.025077959522604942,0.004618033301085234,0.0009496007114648819,0.02481704205274582,,,,,
162,4726,,,,,,4.769775867462158,0.028358539566397667,0.7407328486442566,0.0010416172444820404,0.02439885213971138
163,4729,4.817359447479248,0.02453092485666275,0.004907343070954084,0.0009316608775407076,0.024271883070468903,,,,,
163,4739,4.825701713562012,0.02489999681711197,0.0049742162227630615,0.0008576181135140359,0.02465534396469593,,,,,
163,4749,4.856369972229004,0.024294916540384293,0.004501913208514452,0.0009354995563626289,0.024036742746829987,,,,,
163,4755,,,,,,4.776386737823486,0.028341883793473244,0.7462205290794373,0.0008505396544933319,0.024392906576395035
164,4759,4.815438270568848,0.024390222504734993,0.004212815314531326,0.0006547850207425654,0.02419004589319229,,,,,
164,4769,4.815305709838867,0.024232270196080208,0.00437691668048501,0.0006480143638327718,0.024032630026340485,,,,,
164,4779,4.805685520172119,0.024309411644935608,0.004340752959251404,0.0008410289883613586,0.02407144568860531,,,,,
164,4784,,,,,,4.780419826507568,0.02832268550992012,0.7443862557411194,0.0009035385446622968,0.024372246116399765
165,4789,4.856405258178711,0.02432330884039402,0.004312467761337757,0.0006359762628562748,0.02412598766386509,,,,,
165,4799,4.834186553955078,0.024637602269649506,0.004509301390498877,0.0007081530056893826,0.024425083771348,,,,,
165,4809,4.809722423553467,0.024521667510271072,0.0041536553762853146,0.0005359561764635146,0.024345610290765762,,,,,
165,4813,,,,,,4.790713787078857,0.02829892560839653,0.7485223412513733,0.0007816868019290268,0.024352068081498146
166,4819,4.8475446701049805,0.02324935607612133,0.004318769555538893,0.0004507362609729171,0.02308914065361023,,,,,
166,4829,4.863084316253662,0.02420946955680847,0.0039339689537882805,0.0005644456250593066,0.02402828074991703,,,,,
166,4839,4.871055603027344,0.024337531998753548,0.004012468736618757,0.0006550670950673521,0.024137746542692184,,,,,
166,4842,,,,,,4.823123931884766,0.028311502188444138,0.7498538494110107,0.0008533628424629569,0.024343328550457954
167,4849,4.900961875915527,0.024105733260512352,0.0036366842687129974,0.0005618997383862734,0.023926159366965294,,,,,
167,4859,4.8657684326171875,0.023706886917352676,0.003611188381910324,0.0005515711382031441,0.023529857397079468,,,,,
167,4869,4.897161483764648,0.024642018601298332,0.0035461897496134043,0.0005530809867195785,0.024464700371026993,,,,,
167,4871,,,,,,4.836846351623535,0.028319263830780983,0.7520262598991394,0.0008999761193990707,0.02433076687157154
168,4879,4.888265609741211,0.024522332474589348,0.003357518697157502,0.00037947605596855283,0.024380765855312347,,,,,
168,4889,4.874541282653809,0.02417566627264023,0.003569636959582567,0.00045523603330366313,0.024018025025725365,,,,,
168,4899,4.886029243469238,0.024213453754782677,0.00367543613538146,0.00044844276271760464,0.024056527763605118,,,,,
168,4900,,,,,,4.849287986755371,0.02827591449022293,0.7541587352752686,0.0006707002758048475,0.02432248927652836
169,4909,4.901279449462891,0.02427438274025917,0.0034551643766462803,0.0004036351456306875,0.02412736602127552,,,,,
169,4919,4.8949432373046875,0.02404387854039669,0.003732936456799507,0.00045682984637096524,0.02388489618897438,,,,,
169,4929,4.894394874572754,0.02378382720053196,0.003462725318968296,0.0011049008462578058,0.023496588692069054,,,,,
169,4929,,,,,,4.854560375213623,0.028263665735721588,0.7546895742416382,0.0006099691963754594,0.024319682270288467
170,4939,4.908546447753906,0.024531865492463112,0.0036471521016210318,0.0004625638830475509,0.024372031912207603,,,,,
170,4949,4.889171600341797,0.024430271238088608,0.0032580543775111437,0.000531132216565311,0.02425886131823063,,,,,
170,4958,,,,,,4.857336044311523,0.028265923261642456,0.7547354698181152,0.0006256899214349687,0.024318533018231392
171,4959,4.949355125427246,0.02428695186972618,0.0031814412213861942,0.0003465067711658776,0.024152249097824097,,,,,
171,4969,4.9139604568481445,0.02365916036069393,0.003537544049322605,0.00038617156678810716,0.02351509779691696,,,,,
171,4979,4.904031753540039,0.02423088811337948,0.003683562856167555,0.0004011457203887403,0.024083200842142105,,,,,
171,4987,,,,,,4.862634181976318,0.028269238770008087,0.7557255625724792,0.0006201046635396779,0.024317964911460876
172,4989,4.896978378295898,0.02390393055975437,0.0034494521096348763,0.0003539973695296794,0.023766914382576942,,,,,
172,4999,4.9249725341796875,0.024430643767118454,0.0036125557962805033,0.0004150902386754751,0.024280313402414322,,,,,
172,5009,4.8910017013549805,0.02406482584774494,0.0031390483491122723,0.0005225915228947997,0.02389570325613022,,,,,
172,5016,,,,,,4.871993064880371,0.028280721977353096,0.7560120820999146,0.0006580383633263409,0.02432033233344555
173,5019,4.933276176452637,0.02413494884967804,0.0035613549407571554,0.00038090773159638047,0.023991627618670464,,,,,
173,5029,4.915478706359863,0.023728270083665848,0.003213358111679554,0.0006923124310560524,0.023524586111307144,,,,,
173,5039,4.94598388671875,0.02408352680504322,0.0031503334175795317,0.0004141918907407671,0.023935474455356598,,,,,
173,5045,,,,,,4.881340980529785,0.02830052189528942,0.7560844421386719,0.0007251351489685476,0.024326257407665253
174,5049,4.929210186004639,0.024738552048802376,0.0030086487531661987,0.000785641954280436,0.024517089128494263,,,,,
174,5059,4.933403491973877,0.024339109659194946,0.003287211526185274,0.0006572959828190506,0.024141879752278328,,,,,
174,5069,4.9288740158081055,0.023696627467870712,0.002973238006234169,0.0006541430484503508,0.023501643911004066,,,,,
174,5074,,,,,,4.874695301055908,0.028344476595520973,0.7568833231925964,0.0008622895111329854,0.0243388544768095
175,5079,4.90667724609375,0.023998286575078964,0.002976412884891033,0.0006303497357293963,0.02380826696753502,,,,,
175,5089,4.890671730041504,0.02408517710864544,0.0031989780254662037,0.000604105880483985,0.02389945462346077,,,,,
175,5099,4.883946418762207,0.02396761067211628,0.0037435521371662617,0.0006170793785713613,0.023776639252901077,,,,,
175,5103,,,,,,4.849146366119385,0.028385933488607407,0.7586878538131714,0.0010100180516019464,0.024341994896531105
176,5109,4.892930507659912,0.024337301030755043,0.0034962398931384087,0.0008394040632992983,0.024103010073304176,,,,,
176,5119,4.886657238006592,0.024579117074608803,0.003098973771557212,0.000707676459569484,0.024373220279812813,,,,,
176,5129,4.897974967956543,0.02341814897954464,0.003297867951914668,0.0007758121937513351,0.023197516798973083,,,,,
176,5132,,,,,,4.818094730377197,0.028381960466504097,0.7557108998298645,0.0009946224745362997,0.02435629814863205
177,5139,4.8304290771484375,0.024610769003629684,0.003308832412585616,0.0007879448821768165,0.024388331919908524,,,,,
177,5149,4.841658592224121,0.024580400437116623,0.0034040031023323536,0.0009047654457390308,0.0243340115994215,,,,,
177,5159,4.823613166809082,0.024000713601708412,0.00345738441683352,0.0007210355834104121,0.023790981620550156,,,,,
177,5161,,,,,,4.7568511962890625,0.0283967312425375,0.751995325088501,0.0011150130303576589,0.024366183206439018
178,5169,4.791138172149658,0.024733180180191994,0.003550525289028883,0.0009099709568545222,0.024485522881150246,,,,,
178,5179,4.762856960296631,0.024676823988556862,0.00362634495832026,0.001030242769047618,0.024405017495155334,,,,,
178,5189,4.761771202087402,0.02355162613093853,0.004044932313263416,0.0007038865005597472,0.023343006148934364,,,,,
178,5190,,,,,,4.73595666885376,0.028390033170580864,0.7530069351196289,0.0010585715062916279,0.024365928024053574
179,5199,4.768697738647461,0.024175595492124557,0.004133917856961489,0.0007802435429766774,0.02395118959248066,,,,,
179,5209,4.720945358276367,0.02435954473912716,0.003957692533731461,0.0008617251878604293,0.024120202288031578,,,,,
179,5219,4.709092617034912,0.025209294632077217,0.004270266275852919,0.0015075160190463066,0.02483934909105301,,,,,
179,5219,,,,,,4.6376566886901855,0.028399983420968056,0.7495568990707397,0.0011813241289928555,0.024369554594159126
180,5229,4.687073230743408,0.023946011438965797,0.004659899510443211,0.0008984004380181432,0.023696159943938255,,,,,
180,5239,4.726807594299316,0.02378104440867901,0.0039822813123464584,0.0008155672112479806,0.02355075068771839,,,,,
180,5248,,,,,,4.678586006164551,0.028481729328632355,0.7573164105415344,0.0013805573107674718,0.024372249841690063
181,5249,4.743151664733887,0.02396157756447792,0.004009806551039219,0.0008969859918579459,0.02371469885110855,,,,,
181,5259,4.71256160736084,0.02497989870607853,0.003910230007022619,0.00140396470669657,0.02463242970407009,,,,,
181,5269,4.756592750549316,0.024407487362623215,0.004184842575341463,0.0008846949203871191,0.024162057787179947,,,,,
181,5277,,,,,,4.670080661773682,0.028430383652448654,0.7574888467788696,0.0012180365156382322,0.024352634325623512
182,5279,4.709179878234863,0.024459300562739372,0.004145233891904354,0.0011919107055291533,0.024153102189302444,,,,,
182,5289,4.7366623878479,0.024834807962179184,0.004432030487805605,0.00100462615955621,0.024564355611801147,,,,,
182,5299,4.735978126525879,0.024258144199848175,0.003836435731500387,0.0008981417631730437,0.024011975154280663,,,,,
182,5306,,,,,,4.708420753479004,0.028406566008925438,0.7573659420013428,0.0011256012367084622,0.02434753254055977
183,5309,4.777066230773926,0.02384512685239315,0.00400244677439332,0.0006581130437552929,0.02364572137594223,,,,,
183,5319,4.778130054473877,0.024267977103590965,0.003929292783141136,0.000811978941783309,0.024038152769207954,,,,,
183,5329,4.795433521270752,0.02419617399573326,0.0035343761555850506,0.000816773681435734,0.023967193439602852,,,,,
183,5335,,,,,,4.745553493499756,0.028447922319173813,0.7636646032333374,0.0012034786632284522,0.02434144727885723
184,5339,4.805145740509033,0.023732125759124756,0.0033627725206315517,0.0009134365827776492,0.023484572768211365,,,,,
184,5349,4.783002853393555,0.024838214740157127,0.0033278819173574448,0.000566331553272903,0.02466047927737236,,,,,
184,5359,4.81282901763916,0.02440136857330799,0.0035303018521517515,0.0007874377770349383,0.024178100749850273,,,,,
184,5364,,,,,,4.753661632537842,0.028365470468997955,0.7668678760528564,0.0008165911422111094,0.024320276454091072
185,5369,4.777375221252441,0.024189481511712074,0.003689040895551443,0.0005655862623825669,0.024010146036744118,,,,,
185,5379,4.811019420623779,0.02442614734172821,0.0031410297378897667,0.0005832727765664458,0.024245677515864372,,,,,
185,5389,4.81096076965332,0.024514654651284218,0.003311792155727744,0.0007336530834436417,0.0243032556027174,,,,,
185,5393,,,,,,4.758845329284668,0.028370631858706474,0.7687693238258362,0.000878170772921294,0.024303562939167023
186,5399,4.76932430267334,0.02428657002747059,0.0033718987833708525,0.0006724309641867876,0.024087531492114067,,,,,
186,5409,4.820318222045898,0.023576829582452774,0.003225620137527585,0.0005361737567000091,0.02340526320040226,,,,,
186,5419,4.809428691864014,0.02443559654057026,0.0030710657592862844,0.000544427428394556,0.02426326274871826,,,,,
186,5422,,,,,,4.773308753967285,0.02836543694138527,0.7704342603683472,0.0008517326787114143,0.02429518848657608
187,5429,4.831364631652832,0.024211516603827477,0.00321215414442122,0.00043217220809310675,0.024060707539319992,,,,,
187,5439,4.843020915985107,0.023457322269678116,0.003202018328011036,0.00047424272634088993,0.023298034444451332,,,,,
187,5449,4.852815628051758,0.024927379563450813,0.003006305079907179,0.0006095819408074021,0.02474190481007099,,,,,
187,5451,,,,,,4.7932281494140625,0.028339186683297157,0.7729321718215942,0.0007274331292137504,0.024281105026602745
188,5459,4.857378005981445,0.02325017936527729,0.003059689886868,0.0004357718280516565,0.023099152371287346,,,,,
188,5469,4.810174942016602,0.02372126467525959,0.00300469808280468,0.00042866350850090384,0.0235724076628685,,,,,
188,5479,4.8550848960876465,0.024227047339081764,0.0028383098542690277,0.00036618654849007726,0.024091066792607307,,,,,
188,5480,,,,,,4.800296306610107,0.02831907756626606,0.7750436663627625,0.0006076735444366932,0.024274323135614395
189,5489,4.857888221740723,0.0243995264172554,0.003019923809915781,0.0005876015638932586,0.024218326434493065,,,,,
189,5499,4.847958564758301,0.023963186889886856,0.00286661833524704,0.0003752972115762532,0.02382531575858593,,,,,
189,5509,4.82768440246582,0.0240116398781538,0.00293332408182323,0.0011919236276298761,0.023710312321782112,,,,,
189,5509,,,,,,4.805213451385498,0.028311481699347496,0.7754322290420532,0.000578607025090605,0.024270545691251755
190,5519,4.843670845031738,0.02452119253575802,0.0028822277672588825,0.0005020229145884514,0.02435794100165367,,,,,
190,5529,4.846063137054443,0.02315480262041092,0.0030252106953412294,0.0003788482863456011,0.023015445098280907,,,,,
190,5538,,,,,,4.807669162750244,0.028312036767601967,0.775615930557251,0.0005849509034305811,0.02426888979971409
191,5539,4.866385459899902,0.023297401145100594,0.0028186228591948748,0.00040667224675416946,0.023153310641646385,,,,,
191,5549,4.831291198730469,0.024222934618592262,0.00274341506883502,0.0004129786684643477,0.024078309535980225,,,,,
191,5559,4.851741790771484,0.0233631432056427,0.0026624640449881554,0.0003366401942912489,0.023233985528349876,,,,,
191,5567,,,,,,4.811861038208008,0.028314074501395226,0.7757366895675659,0.0005991714424453676,0.02426743321120739
192,5569,4.844119071960449,0.02351013757288456,0.003000295255333185,0.0004959574434906244,0.023347502574324608,,,,,
192,5579,4.883946418762207,0.023988602682948112,0.002837985986843705,0.0005652620457112789,0.023812521249055862,,,,,
192,5589,4.8737711906433105,0.02381012961268425,0.002744463738054037,0.0005792727461084723,0.023631814867258072,,,,,
192,5596,,,,,,4.815382480621338,0.028331590816378593,0.7773397564888,0.0006332150078378618,0.02427009493112564
193,5599,4.868586540222168,0.02422255091369152,0.0026154187507927418,0.0004957973724231124,0.024061627686023712,,,,,
193,5609,4.833144664764404,0.024225572124123573,0.0027503427118062973,0.0006366890156641603,0.02403615042567253,,,,,
193,5619,4.848060607910156,0.024196632206439972,0.0025570604484528303,0.00035821920027956367,0.024063723161816597,,,,,
193,5625,,,,,,4.8215765953063965,0.028366152197122574,0.7785397171974182,0.0007434880826622248,0.02427653782069683
194,5629,4.896874904632568,0.024129260331392288,0.0025056141894310713,0.0006113868439570069,0.023945486173033714,,,,,
194,5639,4.872804164886475,0.024271849542856216,0.0026162771973758936,0.0007813606644049287,0.024053767323493958,,,,,
194,5649,4.853169918060303,0.023701531812548637,0.0027952969539910555,0.000698185758665204,0.0234993863850832,,,,,
194,5654,,,,,,4.816188812255859,0.028369680047035217,0.7801517844200134,0.0006920788437128067,0.024282345548272133
195,5659,4.849831581115723,0.02420644462108612,0.0025727127213031054,0.000712712062522769,0.024002540856599808,,,,,
195,5669,4.852590560913086,0.023726044222712517,0.002536076121032238,0.0008499269606545568,0.02349485270678997,,,,,
195,5679,4.835103988647461,0.02382867969572544,0.0025710067711770535,0.000685143459122628,0.023630445823073387,,,,,
195,5683,,,,,,4.793086051940918,0.02844727225601673,0.780338704586029,0.0010258568217977881,0.02429247833788395
196,5689,4.821861267089844,0.024107851088047028,0.0025044013746082783,0.0007626914884895086,0.023894572630524635,,,,,
196,5699,4.83821439743042,0.024165237322449684,0.0026715141721069813,0.0006196016329340637,0.02397957816720009,,,,,
196,5709,4.794022560119629,0.024128945544362068,0.0024291384033858776,0.0007302364683710039,0.023922810330986977,,,,,
196,5712,,,,,,4.76688814163208,0.028400437906384468,0.7782298922538757,0.0007890079286880791,0.024303818121552467
197,5719,4.823456764221191,0.024245506152510643,0.0025825519114732742,0.0008668978698551655,0.024010980501770973,,,,,
197,5729,4.7726240158081055,0.024526940658688545,0.002996067749336362,0.0007746024057269096,0.0243093129247427,,,,,
197,5739,4.758878231048584,0.023595083504915237,0.003131130477413535,0.000818656524643302,0.0233681071549654,,,,,
197,5741,,,,,,4.705017566680908,0.028411226347088814,0.7759779095649719,0.0009208744158968329,0.024300113320350647
198,5749,4.691322326660156,0.023822534829378128,0.003241167403757572,0.0008029737509787083,0.023598821833729744,,,,,
198,5759,4.708758354187012,0.024093402549624443,0.0032081296667456627,0.0010361301247030497,0.023823047056794167,,,,,
198,5769,4.636072635650635,0.024219291284680367,0.003580213524401188,0.0007606999133713543,0.024002887308597565,,,,,
198,5770,,,,,,4.604373455047607,0.028434887528419495,0.7681421041488647,0.001076615764759481,0.024332813918590546
199,5779,4.642045974731445,0.023796699941158295,0.0035401948262006044,0.0007029087282717228,0.02359199710190296,,,,,
199,5789,4.673583984375,0.02486920729279518,0.0033237598836421967,0.0006480712909251451,0.024676239117980003,,,,,
199,5799,4.602902412414551,0.02345338463783264,0.003746217815205455,0.0012845569290220737,0.023131713271141052,,,,,
199,5799,,,,,,4.600164413452148,0.028507526963949203,0.7704116106033325,0.0010600691894069314,0.024397453293204308
